<?xml version="1.0" encoding="utf-8"?>
<map state="Alabama" background="" textColor="000000" normal="98ba97" rollover="98ba97" border="ffffff" rollover_sound="false">
<county normal="485748" rollover="1d231d"name="Lauderdale" url=""/>
<county normal="485748" rollover="1d231d" name="Limestone" url=""/>
<county normal="485748" rollover="1d231d" name="Madison" url=""/>
<county normal="748b74" rollover="485748" name="Jackson" url=""/>
<county normal="485748" rollover="1d231d" name="Colbert" url=""/>
<county normal="" rollover="" name="Franklin" url=""/>
<county normal="485748" rollover="1d231d" name="Lawrence" url=""/>
<county normal="485748" rollover="1d231d" name="Morgan" url=""/>
<county normal="748b74" rollover="485748" name="Marshall" url=""/>
<county normal="748b74" rollover="485748" name="DeKalb" url=""/>
<county normal="" rollover="" name="Marion" url=""/>
<county normal="" rollover="" name="Winston" url=""/>
<county normal="748b74" rollover="485748" name="Cullman" url=""/>
<county normal="485748" rollover="1d231d" name="Blount" url=""/>
<county normal="485748" rollover="1d231d" name="Etowah" url=""/>
<county normal="" rollover="" name="Cherokee" url=""/>
<county normal="" rollover="" name="Lamar" url=""/>
<county normal="" rollover="" name="Fayette" url=""/>
<county normal="485748" rollover="1d231d" name="Walker" url=""/>
<county normal="485748" rollover="1d231d" name="St. Clair" url=""/>
<county normal="485748" rollover="1d231d" name="Calhoun" url=""/>
<county normal="" rollover="" name="Cleburne" url=""/>
<county normal="" rollover="" name="Pickens" url=""/>
<county normal="485748" rollover="1d231d" name="Tuscaloosa" url=""/>
<county normal="485748" rollover="1d231d" name="Jefferson" url=""/>
<county normal="485748" rollover="1d231d" name="Shelby" url=""/>
<county normal="748b74" rollover="485748" name="Talladega" url=""/>
<county normal="" rollover="" name="Clay" url=""/>
<county normal="" rollover="" name="Randolph" url=""/>
<county normal="485748" rollover="1d231d" name="Greene" url=""/>
<county normal="485748" rollover="1d231d" name="Hale" url=""/>
<county normal="485748" rollover="1d231d" name="Bibb" url=""/>
<county normal="485748" rollover="1d231d" name="Chilton" url=""/>
<county normal="748b74" rollover="485748" name="Coosa" url=""/>
<county normal="748b74" rollover="485748" name="Tallapoosa" url=""/>
<county normal="748b74" rollover="485748" name="Chambers" url=""/>
<county normal="" rollover="" name="Sumter" url=""/>
<county normal="" rollover="" name="Marengo" url=""/>
<county normal="" rollover="" name="Perry" url=""/>
<county normal="748b74" rollover="485748" name="Dallas" url=""/>
<county normal="485748" rollover="1d231d" name="Autauga" url=""/>
<county normal="485748" rollover="1d231d" name="Elmore" url=""/>
<county normal="485748" rollover="1d231d" name="Lee" url=""/>
<county normal="" rollover="" name="Choctaw" url=""/>
<county normal="" rollover="" name="Wilcox" url=""/>
<county normal="485748" rollover="1d231d" name="Lowndes" url=""/>
<county normal="485748" rollover="1d231d" name="Montgomery" url=""/>
<county normal="485748" rollover="1d231d" name="Macon" url=""/>
<county normal="485748" rollover="1d231d" name="Russell" url=""/>
<county normal="" rollover="" name="Washington" url=""/>
<county normal="" rollover="" name="Clarke" url=""/>
<county normal="" rollover="" name="Monroe" url=""/>
<county normal="" rollover="" name="Butler" url=""/>
<county normal="" rollover="" name="Crenshaw" url=""/>
<county normal="748b74" rollover="485748" name="Pike" url=""/>
<county normal="" rollover="" name="Bullock" url=""/>
<county normal="748b74" rollover="485748" name="Barbour" url=""/>
<county normal="" rollover="" name="Conecuh" url=""/>
<county normal="748b74" rollover="485748" name="Coffee" url=""/>
<county normal="748b74" rollover="485748" name="Dale" url=""/>
<county normal="485748" rollover="1d231d" name="Henry" url=""/>
<county normal="485748" rollover="1d231d" name="Mobile" url=""/>
<county normal="748b74" rollover="485748" name="Baldwin" url=""/>
<county normal="" rollover="" name="Escambia" url=""/>
<county normal="" rollover="" name="Covington" url=""/>
<county normal="485748" rollover="1d231d" name="Geneva" url=""/>
<county normal="485748" rollover="1d231d" name="Houston" url=""/>
</map>
