<?xml version="1.0" encoding="utf-8"?>
<map state="Alaska" background="ffffff" textColor="000000" normal="98ba97" rollover="98ba97" border="ffffff" rollover_sound="false">
<county normal="" rollover="" name="North Slope" url=""/>
<county normal="" rollover="" name="North West Arctic" url=""/>
<county normal="" rollover="" name="Yukon-Koyukuk" url=""/>
<county normal="" rollover="" name="Nome" url=""/>
<county normal="485748" rollover="1d231d" name="Fairbanks North Star" url=""/>
<county normal="" rollover="" name="Southeast Fairbanks" url=""/>
<county normal="485748" rollover="1d231d" name="Matanuska-Susitna" url=""/>
<county normal="" rollover="" name="Wade Hampton" url=""/>
<county normal="" rollover="" name="Bethel" url=""/>
<county normal="" rollover="" name="Dillingham" url=""/>
<county normal="" rollover="" name="Valdez Cordova" url=""/>
<county normal="" rollover="" name="Kenai Peninsula" url=""/>
<county normal="485748" rollover="1d231d" name="Anchorage" url=""/>
<county normal="" rollover="" name="Bristol Bay" url=""/>
<county normal="" rollover="" name="Lake and Peninsula" url=""/>
<county normal="748b74" rollover="485748" name="Kodiak Island" url=""/>
<county normal="" rollover="" name="Aleutians East" url=""/>
<county normal="" rollover="" name="Aleutians West" url=""/>
<county normal="" rollover="" name="Haines" url=""/>
<county normal="" rollover="" name="Skagway Yakutat Angoon" url=""/>
<county normal="748b74" rollover="485748" name="Juneau" url=""/>
<county normal="" rollover="" name="Sitka" url=""/>
<county normal="" rollover="" name="Wrangell Petersburg" url=""/>
<county normal="" rollover="" name="Prince of Wales Outer Ketchikan" url=""/>
<county normal="748b74" rollover="485748" name="Ketchikan Gateway" url=""/>
</map>


