<?xml version="1.0" encoding="utf-8"?>
<map state="Arizona" background="" textColor="000000" normal="98ba97" rollover="98ba97" border="ffffff" rollover_sound="false">
<county normal="748b74" rollover="485748" name="Mohave" url=""/>
<county normal="485748" rollover="1d231d" name="Coconino" url=""/>
<county normal="" rollover="" name="Navajo" url=""/>
<county normal="" rollover="" name="Apache" url=""/>
<county normal="" rollover="" name="La Paz" url=""/>
<county normal="485748" rollover="1d231d" name="Yavapai" url=""/>
<county normal="748b74" rollover="485748" name="Gila" url=""/>
<county normal="485748" rollover="1d231d" name="Yuma" url=""/>
<county normal="485748" rollover="1d231d" name="Maricopa" url=""/>
<county normal="485748" rollover="1d231d" name="Pinal" url=""/>
<county normal="748b74" rollover="485748" name="Graham" url=""/>
<county normal="748b74" rollover="485748" name="Greenlee" url=""/>
<county normal="485748" rollover="1d231d" name="Pima" url=""/>
<county normal="748b74" rollover="485748" name="Santa Cruz" url=""/>
<county normal="748b74" rollover="485748" name="Cochise" url=""/>
</map>


