<?xml version="1.0" encoding="utf-8"?>
<map state="Arkansas" background="" textColor="000000" normal="98ba97" rollover="98ba97" border="ffffff" rollover_sound="false">
<county normal="485748" rollover="1d231d" name="Benton" url=""/>
<county normal="" name="Carroll" url=""/>
<county normal="748b74" rollover="485748" name="Boone" url=""/>
<county normal="" name="Marion" url=""/>
<county normal="748b74" rollover="485748" name="Baxter" url=""/>
<county normal="" name="Fulton" url=""/>
<county normal="" name="Randolph" url=""/>
<county normal="" name="Clay" url=""/>
<county normal="485748" rollover="1d231d" name="Washington" url=""/>
<county normal="485748" rollover="1d231d" name="Madison" url=""/>
<county normal="748b74" rollover="485748" name="Newton" url=""/>
<county normal="" name="Searcy" url=""/>
<county normal="" name="Stone" url=""/>
<county normal="" name="Izard" url=""/>
<county normal="" name="Sharp" url=""/>
<county normal="" name="Lawrence" url=""/>
<county normal="748b74" rollover="485748" name="Greene" url=""/>
<county normal="485748" rollover="1d231d" name="Crawford" url=""/>
<county normal="485748" rollover="1d231d" name="Franklin" url=""/>
<county normal="" name="Johnson" url=""/>
<county normal="748b74" rollover="485748" name="Pope" url=""/>
<county normal="" name="Van Buren" url=""/>
<county normal="" name="Cleburne" url=""/>
<county normal="748b74" rollover="485748" name="Independence" url=""/>
<county normal="" name="Jackson" url=""/>
<county normal="485748" rollover="1d231d" name="Craighead" url=""/>
<county normal="" name="Poinsett" url=""/>
<county normal="748b74" rollover="485748" name="Mississippi" url=""/>
<county normal="485748" rollover="1d231d" name="Sebastian" url=""/>
<county normal="" name="Logan" url=""/>
<county normal="" name="Conway" url=""/>
<county normal="485748" rollover="1d231d" name="Faulkner" url=""/>
<county normal="748b74" rollover="485748" name="White" url=""/>
<county normal="" name="Woodruff" url=""/>
<county normal="" name="Cross" url=""/>
<county normal="485748" rollover="1d231d" name="Crittenden" url=""/>
<county normal="" name="Scott" url=""/>
<county normal="748b74" rollover="485748" name="Yell" url=""/>
<county normal="485748" rollover="1d231d" name="Perry" url=""/>
<county normal="485748" rollover="1d231d" name="Pulaski" url=""/>
<county normal="485748" rollover="1d231d" name="Lonoke" url=""/>
<county normal="" name="Prairie" url=""/>
<county normal="" name="Monroe" url=""/>
<county normal="748b74" rollover="485748" name="St. Francis" url=""/>
<county normal="" name="Lee" url=""/>
<county normal="748b74" rollover="485748" name="Phillips" url=""/>
<county normal="" name="Polk" url=""/>
<county normal="" name="Montgomery" url=""/>
<county normal="485748" rollover="1d231d" name="Garland" url=""/>
<county normal="485748" rollover="1d231d" name="Saline" url=""/>
<county normal="" name="Hot Spring" url=""/>
<county normal="485748" rollover="1d231d" name="Grant" url=""/>
<county normal="485748" rollover="1d231d" name="Jefferson" url=""/>
<county normal="" name="Arkansas" url=""/>
<county normal="" name="Sevier" url=""/>
<county normal="" name="Howard" url=""/>
<county normal="" name="Pike" url=""/>
<county normal="748b74" rollover="485748" name="Clark" url=""/>
<county normal="" name="Dallas" url=""/>
<county normal="485748" rollover="1d231d" name="Cleveland" url=""/>
<county normal="485748" rollover="1d231d" name="Lincoln" url=""/>
<county normal="" name="Desha" url=""/>
<county normal="" name="Little River" url=""/>
<county normal="748b74" rollover="485748" name="Hempstead" url=""/>
<county normal="748b74" rollover="485748" name="Nevada" url=""/>
<county normal="748b74" rollover="485748" name="Ouachita" url=""/>
<county normal="748b74" rollover="485748" name="Calhoun" url=""/>
<county normal="" name="Bradley" url=""/>
<county normal="" name="Drew" url=""/>
<county normal="485748" rollover="1d231d" name="Miller" url=""/>
<county normal="" name="Lafayette" url=""/>
<county normal="748b74" rollover="485748" name="Columbia" url=""/>
<county normal="748b74" rollover="485748" name="Union" url=""/>
<county normal="" name="Ashley" url=""/>
<county normal="" name="Chicot" url=""/>
</map>


