<?xml version="1.0" encoding="utf-8"?>
<map state="California" background="" textColor="000000" normal="98ba97" rollover="98ba97" border="ffffff" rollover_sound="false">
<county normal="748b74" rollover="485748" name="Del Norte" url=""/>
<county normal="" rollover="" name="Siskiyou" url=""/>
<county normal="" rollover="" name="Modoc" url=""/>
<county normal="748b74" rollover="485748" name="Humboldt" url=""/>
<county normal="" rollover="" name="Trinity" url=""/>
<county normal="485748" rollover="1d231d" name="Shasta" url=""/>
<county normal="748b74" rollover="485748" name="Lassen" url=""/>
<county normal="748b74" rollover="485748" name="Mendocino" url=""/>
<county normal="748b74" rollover="485748" name="Tehama" url=""/>
<county normal="" rollover="" name="Plumas" url=""/>
<county normal="" rollover="" name="Glenn" url=""/>
<county normal="485748" rollover="1d231d" name="Butte" url=""/>
<county normal="" rollover="" name="Sierra" url=""/>
<county normal="748b74" rollover="485748" name="Lake" url=""/>
<county normal="" rollover="" name="Colusa" url=""/>
<county normal="485748" rollover="1d231d" name="Sutter" url=""/>
<county normal="485748" rollover="1d231d" name="Yuba" url=""/>
<county normal="748b74" rollover="485748" name="Nevada" url=""/>
<county normal="485748" rollover="1d231d" name="Placer" url=""/>
<county normal="485748" rollover="1d231d" name="Sonoma" url=""/>
<county normal="485748" rollover="1d231d" name="Napa" url=""/>
<county normal="485748" rollover="1d231d" name="Yolo" url=""/>
<county normal="485748" rollover="1d231d" name="El Dorado" url=""/>
<county normal="485748" rollover="1d231d" name="Marin" url=""/>
<county normal="485748" rollover="1d231d" name="Solano" url=""/>
<county normal="485748" rollover="1d231d" name="Sacramento" url=""/>
<county normal="" rollover="" name="Amador" url=""/>
<county normal="" rollover="" name="Alpine" url=""/>
<county normal="485748" rollover="1d231d" name="San Francisco" url=""/>
<county normal="485748" rollover="1d231d" name="Contra Costa" url=""/>
<county normal="485748" rollover="1d231d" name="San Joaquin" url=""/>
<county normal="" rollover="" name="Calaveras" url=""/>
<county normal="485748" rollover="1d231d" name="San Mateo" url=""/>
<county normal="485748" rollover="1d231d" name="Alameda" url=""/>
<county normal="485748" rollover="1d231d" name="Stanislaus" url=""/>
<county normal="748b74" rollover="485748" name="Tuolumne" url=""/>
<county normal="" rollover="" name="Mono" url=""/>
<county normal="485748" rollover="1d231d" name="Santa Cruz" url=""/>
<county normal="485748" rollover="1d231d" name="Santa Clara" url=""/>
<county normal="485748" rollover="1d231d" name="Merced" url=""/>
<county normal="" rollover="" name="Mariposa" url=""/>
<county normal="485748" rollover="1d231d" name="San Benito" url=""/>
<county normal="485748" rollover="1d231d" name="Madera" url=""/>
<county normal="485748" rollover="1d231d" name="Fresno" url=""/>
<county normal="485748" rollover="1d231d" name="Monterey" url=""/>
<county normal="485748" rollover="1d231d" name="Kings" url=""/>
<county normal="485748" rollover="1d231d" name="Tulare" url=""/>
<county normal="748b74" rollover="485748" name="Inyo" url=""/>
<county normal="485748" rollover="1d231d" name="San Luis Obispo" url=""/>
<county normal="485748" rollover="1d231d" name="Kern" url=""/>
<county normal="485748" rollover="1d231d" name="Santa Barbara" url=""/>
<county normal="485748" rollover="1d231d" name="Ventura" url=""/>
<county normal="485748" rollover="1d231d" name="Los Angeles" url=""/>
<county normal="485748" rollover="1d231d" name="San Bernardino" url=""/>
<county normal="485748" rollover="1d231d" name="Orange" url=""/>
<county normal="485748" rollover="1d231d" name="Riverside" url=""/>
<county normal="485748" rollover="1d231d" name="San Diego" url=""/>
<county normal="485748" rollover="1d231d" name="Imperial" url=""/>
</map>


