<?xml version="1.0" encoding="utf-8"?>
<map state="Colorado" background="" textColor="000000" normal="98ba97" rollover="98ba97" border="ffffff" rollover_sound="false">
<county normal="" rollover="" name="Moffat" url=""/>
<county normal="" rollover="" name="Routt" url=""/>
<county normal="" rollover="" name="Jackson" url=""/>
<county normal="485748" rollover="1d231d" name="Larimer" url=""/>
<county normal="485748" rollover="1d231d" name="Weld" url=""/>
<county normal="748b74" rollover="485748" name="Logan" url=""/>
<county normal="" rollover="" name="Sedgwick" url=""/>
<county normal="" rollover="" name="Phillips" url=""/>
<county normal="" rollover="" name="Grand" url=""/>
<county normal="485748" rollover="1d231d" name="Boulder" url=""/>
<county normal="748b74" rollover="485748" name="Morgan" url=""/>
<county normal="" rollover="" name="Rio Blanco" url=""/>
<county normal="" rollover="" name="Garfield" url=""/>
<county normal="748b74" rollover="485748" name="Eagle" url=""/>
<county normal="748b74" rollover="485748" name="Summit" url=""/>
<county normal="485748" rollover="1d231d" name="Gilpin" url=""/>
<county normal="485748" rollover="1d231d" name="Clear Creek" url=""/>
<county normal="485748" rollover="1d231d" name="Jefferson" url=""/>
<county normal="485748" rollover="1d231d" name="Denver" url=""/>
<county normal="485748" rollover="1d231d" name="Adams" url=""/>
<county normal="485748" rollover="1d231d" name="Arapahoe" url=""/>
<county normal="" rollover="" name="Washington" url=""/>
<county normal="" rollover="" name="Yuma" url=""/>
<county normal="485748" rollover="1d231d" name="Mesa" url=""/>
<county normal="" rollover="" name="Delta" url=""/>
<county normal="" rollover="" name="Pitkin" url=""/>
<county normal="748b74" rollover="485748" name="Lake" url=""/>
<county normal="485748" rollover="1d231d" name="Park" url=""/>
<county normal="485748" rollover="1d231d" name="Douglas" url=""/>
<county normal="485748" rollover="1d231d" name="Elbert" url=""/>
<county normal="" rollover="" name="Kit Carson" url=""/>
<county normal="748b74" rollover="485748" name="Montrose" url=""/>
<county normal="" rollover="" name="Ouray" url=""/>
<county normal="" rollover="" name="Gunnison" url=""/>
<county normal="" rollover="" name="Chaffee" url=""/>
<county normal="485748" rollover="1d231d" name="Teller" url=""/>
<county normal="748b74" rollover="485748" name="Fremont" url=""/>
<county normal="485748" rollover="1d231d" name="El Paso" url=""/>
<county normal="" rollover="" name="Lincoln" url=""/>
<county normal="" rollover="" name="Cheyenne" url=""/>
<county normal="" rollover="" name="San Miguel" url=""/>
<county normal="" rollover="" name="Hinsdale" url=""/>
<county normal="" rollover="" name="Saguache" url=""/>
<county normal="" rollover="" name="Custer" url=""/>
<county normal="485748" rollover="1d231d" name="Pueblo" url=""/>
<county normal="" rollover="" name="Crowley" url=""/>
<county normal="" rollover="" name="Kiowa" url=""/>
<county normal="" rollover="" name="Dolores" url=""/>
<county normal="" rollover="" name="San Juan" url=""/>
<county normal="" rollover="" name="Mineral" url=""/>
<county normal="" rollover="" name="Rio Grande" url=""/>
<county normal="" rollover="" name="Alamosa" url=""/>
<county normal="" rollover="" name="Huerfano" url=""/>
<county normal="" rollover="" name="Otero" url=""/>
<county normal="" rollover="" name="Bent" url=""/>
<county normal="" rollover="" name="Prowers" url=""/>
<county normal="" rollover="" name="Montezuma" url=""/>
<county normal="748b74" rollover="485748" name="La Plata" url=""/>
<county normal="" rollover="" name="Archuleta" url=""/>
<county normal="" rollover="" name="Conejos" url=""/>
<county normal="" rollover="" name="Costilla" url=""/>
<county normal="" rollover="" name="Las Animas" url=""/>
<county normal="" rollover="" name="Baca" url=""/>
</map>


