<?xml version="1.0" encoding="utf-8"?>
<map state="Connecticut" background="" textColor="000000" normal="98ba97" rollover="98ba97" border="ffffff" rollover_sound="false">
<county normal="748b74" rollover="485748" name="Litchfield" url=""/>
<county normal="485748" rollover="1d231d" name="Hartford" url=""/>
<county normal="485748" rollover="1d231d" name="Tolland" url=""/>
<county normal="748b74" rollover="485748" name="Windham" url=""/>
<county normal="485748" rollover="1d231d" name="Fairfield" url=""/>
<county normal="485748" rollover="1d231d" name="New Haven" url=""/>
<county normal="485748" rollover="1d231d" name="Middlesex" url=""/>
<county normal="485748" rollover="1d231d" name="New London" url=""/>
</map>


