<?xml version="1.0" encoding="utf-8"?>
<map state="Florida" background="" textColor="000000" normal="98ba97" rollover="98ba97" border="ffffff" rollover_sound="false">
<county normal="485748" rollover="1d231d" name="Escambia" url=""/>
<county normal="485748" rollover="1d231d" name="Santa Rosa" url=""/>
<county normal="485748" rollover="1d231d" name="Okaloosa" url=""/>
<county normal="" rollover="" name="Walton" url=""/>
<county normal="" rollover="" name="Holmes" url=""/>
<county normal="" rollover="" name="Washington" url=""/>
<county normal="485748" rollover="1d231d" name="Bay" url=""/>
<county normal="" rollover="" name="Jackson" url=""/>
<county normal="" rollover="" name="Calhoun" url=""/>
<county normal="" rollover="" name="Gulf" url=""/>
<county normal="485748" rollover="1d231d" name="Gadsden" url=""/>
<county normal="" rollover="" name="Liberty" url=""/>
<county normal="" rollover="" name="Franklin" url=""/>
<county normal="485748" rollover="1d231d" name="Leon" url=""/>
<county normal="485748" rollover="1d231d" name="Wakulla" url=""/>
<county normal="485748" rollover="1d231d" name="Jefferson" url=""/>
<county normal="" rollover="" name="Madison" url=""/>
<county normal="" rollover="" name="Taylor" url=""/>
<county normal="" rollover="" name="Hamilton" url=""/>
<county normal="" rollover="" name="Suwannee" url=""/>
<county normal="" rollover="" name="Lafayette" url=""/>
<county normal="" rollover="" name="Dixie" url=""/>
<county normal="748b74" rollover="485748" name="Columbia" url=""/>
<county normal="485748" rollover="1d231d" name="Gilchrist" url=""/>
<county normal="" rollover="" name="Levy" url=""/>
<county normal="485748" rollover="1d231d" name="Baker" url=""/>
<county normal="" rollover="" name="Union" url=""/>
<county normal="" rollover="" name="Bradford" url=""/>
<county normal="485748" rollover="1d231d" name="Alachua" url=""/>
<county normal="485748" rollover="1d231d" name="Nassau" url=""/>
<county normal="485748" rollover="1d231d" name="Duval" url=""/>
<county normal="485748" rollover="1d231d" name="Clay" url=""/>
<county normal="485748" rollover="1d231d" name="St.Johns" url=""/>
<county normal="748b74" rollover="485748" name="Putnam" url=""/>
<county normal="485748" rollover="1d231d" name="Marion" url=""/>
<county normal="748b74" rollover="485748" name="Citrus" url=""/>
<county normal="748b74" rollover="485748" name="Flagler" url=""/>
<county normal="485748" rollover="1d231d" name="Volusia" url=""/>
<county normal="485748" rollover="1d231d" name="Lake" url=""/>
<county normal="748b74" rollover="485748" name="Sumter" url=""/>
<county normal="485748" rollover="1d231d" name="Hernando" url=""/>
<county normal="485748" rollover="1d231d" name="Seminole" url=""/>
<county normal="485748" rollover="1d231d" name="Orange" url=""/>
<county normal="485748" rollover="1d231d" name="Pasco" url=""/>
<county normal="485748" rollover="1d231d" name="Pinellas" url=""/>
<county normal="485748" rollover="1d231d" name="Hillsborough" url=""/>
<county normal="485748" rollover="1d231d" name="Polk" url=""/>
<county normal="485748" rollover="1d231d" name="Osceola" url=""/>
<county normal="485748" rollover="1d231d" name="Brevard" url=""/>
<county normal="485748" rollover="1d231d" name="Manatee" url=""/>
<county normal="748b74" rollover="485748" name="Hardee" url=""/>
<county normal="748b74" rollover="485748" name="Highlands" url=""/>
<county normal="748b74" rollover="485748" name="Okeechobee" url=""/>
<county normal="485748" rollover="1d231d" name="Indian River" url=""/>
<county normal="485748" rollover="1d231d" name="Sarasota" url=""/>
<county normal="748b74" rollover="485748" name="DeSoto" url=""/>
<county normal="485748" rollover="1d231d" name="St. Lucie" url=""/>
<county normal="485748" rollover="1d231d" name="Charlotte" url=""/>
<county normal="" rollover="" name="Glades" url=""/>
<county normal="485748" rollover="1d231d" name="Martin" url=""/>
<county normal="485748" rollover="1d231d" name="Lee" url=""/>
<county normal="748b74" rollover="485748" name="Hendry" url=""/>
<county normal="485748" rollover="1d231d" name="Palm Beach" url=""/>
<county normal="485748" rollover="1d231d" name="Collier" url=""/>
<county normal="485748" rollover="1d231d" name="Broward" url=""/>
<county normal="748b74" rollover="485748" name="Monroe" url=""/>
<county normal="485748" rollover="1d231d" name="Dade" url=""/>
</map>


