<?xml version="1.0" encoding="utf-8"?>
<map state="Georgia" background="" textColor="000000" normal="98ba97" rollover="98ba97" border="ffffff" rollover_sound="false">
<county normal="485748" rollover="1d231d" name="Dade" url=""/>
<county normal="485748" rollover="1d231d" name="Walker" url=""/>
<county normal="485748" rollover="1d231d" name="Catoosa" url=""/>
<county normal="485748" rollover="1d231d" name="Whitfield" url=""/>
<county normal="485748" rollover="1d231d" name="Murray" url=""/>
<county normal="" rollover="" name="Fannin" url=""/>
<county normal="" rollover="" name="Gilmer" url=""/>
<county normal="" rollover="" name="Union" url=""/>
<county normal="" rollover="" name="Lumpkin" url=""/>
<county normal="" rollover="" name="Towns" url=""/>
<county normal="" rollover="" name="White" url=""/>
<county normal="" rollover="" name="Rabun" url=""/>
<county normal="748b74" rollover="485748" name="Habersham" url=""/>
<county normal="748b74" rollover="485748" name="Stephens" url=""/>
<county normal="748b74" rollover="485748" name="Chattooga" url=""/>
<county normal="748b74" rollover="485748" name="Gordon" url=""/>
<county normal="485748" rollover="1d231d" name="Pickens" url=""/>
<county normal="485748" rollover="1d231d" name="Dawson" url=""/>
<county normal="485748" rollover="1d231d" name="Hall" url=""/>
<county normal="" rollover="" name="Banks" url=""/>
<county normal="" rollover="" name="Franklin" url=""/>
<county normal="" rollover="" name="Hart" url=""/>
<county normal="485748" rollover="1d231d" name="Floyd" url=""/>
<county normal="485748" rollover="1d231d" name="Bartow" url=""/>
<county normal="485748" rollover="1d231d" name="Cherokee" url=""/>
<county normal="485748" rollover="1d231d" name="Forsyth" url=""/>
<county normal="" rollover="" name="Jackson" url=""/>
<county normal="485748" rollover="1d231d" name="Madison" url=""/>
<county normal="" rollover="" name="Elbert" url=""/>
<county normal="748b74" rollover="485748" name="Polk" url=""/>
<county normal="485748" rollover="1d231d" name="Paulding" url=""/>
<county normal="485748" rollover="1d231d" name="Cobb" url=""/>
<county normal="485748" rollover="1d231d" name="Gwinnett" url=""/>
<county normal="485748" rollover="1d231d" name="Barrow" url=""/>
<county normal="485748" rollover="1d231d" name="Clarke" url=""/>
<county normal="485748" rollover="1d231d" name="Oglethorpe" url=""/>
<county normal="485748" rollover="1d231d" name="Haralson" url=""/>
<county normal="485748" rollover="1d231d" name="Carroll" url=""/>
<county normal="485748" rollover="1d231d" name="Douglas" url=""/>
<county normal="485748" rollover="1d231d" name="Fulton" url=""/>
<county normal="485748" rollover="1d231d" name="Clayton" url=""/>
<county normal="485748" rollover="1d231d" name="DeKalb" url=""/>
<county normal="485748" rollover="1d231d" name="Rockdale" url=""/>
<county normal="485748" rollover="1d231d" name="Walton" url=""/>
<county normal="485748" rollover="1d231d" name="Oconee" url=""/>
<county normal="" rollover="" name="Wilkes" url=""/>
<county normal="" rollover="" name="Lincoln" url=""/>
<county normal="485748" rollover="1d231d" name="Heard" url=""/>
<county normal="485748" rollover="1d231d" name="Coweta" url=""/>
<county normal="485748" rollover="1d231d" name="Fayette" url=""/>
<county normal="485748" rollover="1d231d" name="Henry" url=""/>
<county normal="485748" rollover="1d231d" name="Newton" url=""/>
<county normal="" rollover="" name="Morgan" url=""/>
<county normal="" rollover="" name="Greene" url=""/>
<county normal="" rollover="" name="Taliaferro" url=""/>
<county normal="" rollover="" name="Warren" url=""/>
<county normal="485748" rollover="1d231d" name="McDuffie" url=""/>
<county normal="485748" rollover="1d231d" name="Columbia" url=""/>
<county normal="485748" rollover="1d231d" name="Spalding" url=""/>
<county normal="485748" rollover="1d231d" name="Butts" url=""/>
<county normal="485748" rollover="1d231d" name="Jasper" url=""/>
<county normal="" rollover="" name="Putnam" url=""/>
<county normal="748b74" rollover="485748" name="Hancock" url=""/>
<county normal="" rollover="" name="Glascock" url=""/>
<county normal="485748" rollover="1d231d" name="Richmond" url=""/>
<county normal="748b74" rollover="485748" name="Troup" url=""/>
<county normal="485748" rollover="1d231d" name="Meriwether" url=""/>
<county normal="485748" rollover="1d231d" name="Pike" url=""/>
<county normal="485748" rollover="1d231d" name="Lamar" url=""/>
<county normal="485748" rollover="1d231d" name="Monroe" url=""/>
<county normal="485748" rollover="1d231d" name="Jones" url=""/>
<county normal="748b74" rollover="485748" name="Baldwin" url=""/>
<county normal="" rollover="" name="Washington" url=""/>
<county normal="" rollover="" name="Jefferson" url=""/>
<county normal="485748" rollover="1d231d" name="Burke" url=""/>
<county normal="485748" rollover="1d231d" name="Harris" url=""/>
<county normal="" rollover="" name="Talbot" url=""/>
<county normal="748b74" rollover="485748" name="Upson" url=""/>
<county normal="" rollover="" name="Taylor" url=""/>
<county normal="485748" rollover="1d231d" name="Crawford" url=""/>
<county normal="748b74" rollover="485748" name="Peach" url=""/>
<county normal="485748" rollover="1d231d" name="Bibb" url=""/>
<county normal="485748" rollover="1d231d" name="Twiggs" url=""/>
<county normal="" rollover="" name="Wilkinson" url=""/>
<county normal="748b74" rollover="485748" name="Johnson" url=""/>
<county normal="" rollover="" name="Emanuel" url=""/>
<county normal="" rollover="" name="Jenkins" url=""/>
<county normal="" rollover="" name="Screven" url=""/>
<county normal="485748" rollover="1d231d" name="Muscogee" url=""/>
<county normal="485748" rollover="1d231d" name="Chattahoochee" url=""/>
<county normal="485748" rollover="1d231d" name="Marion" url=""/>
<county normal="748b74" rollover="485748" name="Schley" url=""/>
<county normal="" rollover="" name="Macon" url=""/>
<county normal="485748" rollover="1d231d" name="Houston" url=""/>
<county normal="" rollover="" name="Bleckley" url=""/>
<county normal="748b74" rollover="485748" name="Laurens" url=""/>
<county normal="" rollover="" name="Treutlen" url=""/>
<county normal="" rollover="" name="Candler" url=""/>
<county normal="748b74" rollover="485748" name="Bulloch" url=""/>
<county normal="485748" rollover="1d231d" name="Effingham" url=""/>
<county normal="" rollover="" name="Stewart" url=""/>
<county normal="" rollover="" name="Webster" url=""/>
<county normal="748b74" rollover="485748" name="Sumter" url=""/>
<county normal="" rollover="" name="Dooly" url=""/>
<county normal="748b74" rollover="485748" name="Crisp" url=""/>
<county normal="" rollover="" name="Pulaski" url=""/>
<county normal="" rollover="" name="Wilcox" url=""/>
<county normal="" rollover="" name="Dodge" url=""/>
<county normal="" rollover="" name="Telfair" url=""/>
<county normal="" rollover="" name="Wheeler" url=""/>
<county normal="748b74" rollover="485748" name="Montgomery" url=""/>
<county normal="748b74" rollover="485748" name="Toombs" url=""/>
<county normal="" rollover="" name="Tattnall" url=""/>
<county normal="" rollover="" name="Evans" url=""/>
<county normal="485748" rollover="1d231d" name="Bryan" url=""/>
<county normal="485748" rollover="1d231d" name="Chatham" url=""/>
<county normal="748b74" rollover="485748" name="Quitman" url=""/>
<county normal="" rollover="" name="Randolph" url=""/>
<county normal="485748" rollover="1d231d" name="Terrell" url=""/>
<county normal="485748" rollover="1d231d" name="Lee" url=""/>
<county normal="" rollover="" name="Turner" url=""/>
<county normal="748b74" rollover="485748" name="Ben Hill" url=""/>
<county normal="748b74" rollover="485748" name="Irwin" url=""/>
<county normal="" rollover="" name="Jeff Davis" url=""/>
<county normal="748b74" rollover="485748" name="Coffee" url=""/>
<county normal="" rollover="" name="Appling" url=""/>
<county normal="" rollover="" name="Bacon" url=""/>
<county normal="485748" rollover="1d231d" name="Liberty" url=""/>
<county normal="485748" rollover="1d231d" name="Long" url=""/>
<county normal="748b74" rollover="485748" name="Wayne" url=""/>
<county normal="485748" rollover="1d231d" name="McIntosh" url=""/>
<county normal="" rollover="" name="Clay" url=""/>
<county normal="" rollover="" name="Calhoun" url=""/>
<county normal="485748" rollover="1d231d" name="Dougherty" url=""/>
<county normal="485748" rollover="1d231d" name="Worth" url=""/>
<county normal="748b74" rollover="485748" name="Tift" url=""/>
<county normal="748b74" rollover="485748" name="Atkinson" url=""/>
<county normal="748b74" rollover="485748" name="Pierce" url=""/>
<county normal="" rollover="" name="Early" url=""/>
<county normal="" rollover="" name="Miller" url=""/>
<county normal="485748" rollover="1d231d" name="Baker" url=""/>
<county normal="" rollover="" name="Mitchell" url=""/>
<county normal="748b74" rollover="485748" name="Colquitt" url=""/>
<county normal="" rollover="" name="Cook" url=""/>
<county normal="" rollover="" name="Berrien" url=""/>
<county normal="" rollover="" name="Lanier" url=""/>
<county normal="748b74" rollover="485748" name="Ware" url=""/>
<county normal="485748" rollover="1d231d" name="Brantley" url=""/>
<county normal="485748" rollover="1d231d" name="Glynn" url=""/>
<county normal="" rollover="" name="Seminole" url=""/>
<county normal="748b74" rollover="485748" name="Decatur" url=""/>
<county normal="" rollover="" name="Grady" url=""/>
<county normal="748b74" rollover="485748" name="Thomas" url=""/>
<county normal="485748" rollover="1d231d" name="Brooks" url=""/>
<county normal="485748" rollover="1d231d" name="Lowndes" url=""/>
<county normal="485748" rollover="1d231d" name="Echols" url=""/>
<county normal="" rollover="" name="Clinch" url=""/>
<county normal="" rollover="" name="Charlton" url=""/>
<county normal="748b74" rollover="485748" name="Camden" url=""/>
</map>


