<?xml version="1.0" encoding="utf-8"?>
<map state="Idaho" background="" textColor="000000" normal="98ba97" rollover="98ba97" border="ffffff" rollover_sound="false">
<county normal="" rollover="" name="Boundary" url=""/>
<county normal="" rollover="" name="Bonner" url=""/>
<county normal="485748" rollover="1d231d" name="Kootenai" url=""/>
<county normal="" rollover="" name="Benewah" url=""/>
<county normal="" rollover="" name="Shoshone" url=""/>
<county normal="" rollover="" name="Latah" url=""/>
<county normal="" rollover="" name="Clearwater" url=""/>
<county normal="485748" rollover="1d231d" name="Nez Perce" url=""/>
<county normal="" rollover="" name="Lewis" url=""/>
<county normal="" rollover="" name="Idaho" url=""/>
<county normal="" rollover="" name="Adams" url=""/>
<county normal="485748" rollover="1d231d" name="Valley Boise" url=""/>
<county normal="" rollover="" name="Lemhi" url=""/>
<county normal="" rollover="" name="Washington" url=""/>
<county normal="" rollover="" name="Custer" url=""/>
<county normal="" rollover="" name="Clark" url=""/>
<county normal="" rollover="" name="Fremont" url=""/>
<county normal="" rollover="" name="Payette" url=""/>
<county normal="485748" rollover="1d231d" name="Gem" url=""/>
<county normal="" rollover="" name="Elmore" url=""/>
<county normal="485748" rollover="1d231d" name="Jefferson" url=""/>
<county normal="" rollover="" name="Madison" url=""/>
<county normal="" rollover="" name="Teton" url=""/>
<county normal="485748" rollover="1d231d" name="Canyon" url=""/>
<county normal="485748" rollover="1d231d" name="Ada" url=""/>
<county normal="" rollover="" name="Camas" url=""/>
<county normal="" rollover="" name="Blaine" url=""/>
<county normal="" rollover="" name="Butte" url=""/>
<county normal="" rollover="" name="Bingham" url=""/>
<county normal="485748" rollover="1d231d" name="Bonneville" url=""/>
<county normal="" rollover="" name="Gooding" url=""/>
<county normal="" rollover="" name="Lincoln" url=""/>
<county normal="" rollover="" name="Jerome" url=""/>
<county normal="" rollover="" name="Minidoka" url=""/>
<county normal="485748" rollover="1d231d" name="Power" url=""/>
<county normal="485748" rollover="1d231d" name="Bannock" url=""/>
<county normal="" rollover="" name="Caribou" url=""/>
<county normal="485748" rollover="1d231d" name="Owyhee" url=""/>
<county normal="" rollover="" name="Twin Falls" url=""/>
<county normal="" rollover="" name="Cassia" url=""/>
<county normal="" rollover="" name="Oneida" url=""/>
<county normal="485748" rollover="1d231d" name="Franklin" url=""/>
<county normal="" rollover="" name="Bear Lake" url=""/>
</map>


