<?xml version="1.0" encoding="utf-8"?>
<map state="Illinois" background="" textColor="000000" normal="98ba97" rollover="98ba97" border="ffffff" rollover_sound="false">
<county normal="" rollover="" name="Jo Daviess" url=""/>
<county normal="" rollover="" name="Stephenson" url=""/>
<county normal="" rollover="" name="Winnebago" url=""/>
<county normal="" rollover="" name="Boone" url=""/>
<county normal="" rollover="" name="McHenry" url=""/>
<county normal="" rollover="" name="Lake" url=""/>
<county normal="" rollover="" name="Carroll" url=""/>
<county normal="" rollover="" name="Ogle" url=""/>
<county normal="" rollover="" name="DeKalb" url=""/>
<county normal="" rollover="" name="Kane" url=""/>
<county normal="" rollover="" name="DuPage" url=""/>
<county normal="" rollover="" name="Cook" url=""/>
<county normal="" rollover="" name="Whiteside" url=""/>
<county normal="" rollover="" name="Lee" url=""/>
<county normal="" rollover="" name="Kendall" url=""/>
<county normal="" rollover="" name="Rock Island" url=""/>
<county normal="" rollover="" name="Mercer" url=""/>
<county normal="" rollover="" name="Henry" url=""/>
<county normal="" rollover="" name="Bureau" url=""/>
<county normal="" rollover="" name="Putnam" url=""/>
<county normal="" rollover="" name="La Salle" url=""/>
<county normal="" rollover="" name="Grundy" url=""/>
<county normal="" rollover="" name="Will" url=""/>
<county normal="" rollover="" name="Henderson" url=""/>
<county normal="" rollover="" name="Warren" url=""/>
<county normal="" rollover="" name="Knox" url=""/>
<county normal="" rollover="" name="Stark" url=""/>
<county normal="" rollover="" name="Peoria" url=""/>
<county normal="" rollover="" name="Marshall" url=""/>
<county normal="" rollover="" name="Woodford" url=""/>
<county normal="" rollover="" name="Livingston" url=""/>
<county normal="" rollover="" name="Kankakee" url=""/>
<county normal="" rollover="" name="Iroquois" url=""/>
<county normal="" rollover="" name="Hancock" url=""/>
<county normal="" rollover="" name="McDonough" url=""/>
<county normal="" rollover="" name="Fulton" url=""/>
<county normal="" rollover="" name="Tazewell" url=""/>
<county normal="" rollover="" name="McLean" url=""/>
<county normal="" rollover="" name="Ford" url=""/>
<county normal="" rollover="" name="Adams" url=""/>
<county normal="" rollover="" name="Schuyler" url=""/>
<county normal="" rollover="" name="Brown" url=""/>
<county normal="" rollover="" name="Cass" url=""/>
<county normal="" rollover="" name="Mason" url=""/>
<county normal="" rollover="" name="Menard" url=""/>
<county normal="" rollover="" name="Logan" url=""/>
<county normal="" rollover="" name="De Witt" url=""/>
<county normal="" rollover="" name="Piatt" url=""/>
<county normal="" rollover="" name="Champaign" url=""/>
<county normal="" rollover="" name="Vermilion" url=""/>
<county normal="" rollover="" name="Pike" url=""/>
<county normal="" rollover="" name="Scott" url=""/>
<county normal="" rollover="" name="Morgan" url=""/>
<county normal="" rollover="" name="Sangamon" url=""/>
<county normal="" rollover="" name="Macon" url=""/>
<county normal="" rollover="" name="Douglas" url=""/>
<county normal="" rollover="" name="Greene" url=""/>
<county normal="" rollover="" name="Christian" url=""/>
<county normal="" rollover="" name="Moultrie" url=""/>
<county normal="" rollover="" name="Coles" url=""/>
<county normal="" rollover="" name="Edgar" url=""/>
<county normal="" rollover="" name="Calhoun" url=""/>
<county normal="" rollover="" name="Jersey" url=""/>
<county normal="" rollover="" name="Macoupin" url=""/>
<county normal="" rollover="" name="Montgomery" url=""/>
<county normal="" rollover="" name="Shelby" url=""/>
<county normal="" rollover="" name="Cumberland" url=""/>
<county normal="" rollover="" name="Clark" url=""/>
<county normal="" rollover="" name="Madison" url=""/>
<county normal="" rollover="" name="Bond" url=""/>
<county normal="" rollover="" name="Fayette" url=""/>
<county normal="" rollover="" name="Effingham" url=""/>
<county normal="" rollover="" name="Jasper" url=""/>
<county normal="" rollover="" name="Crawford" url=""/>
<county normal="" rollover="" name="St. Clair" url=""/>
<county normal="" rollover="" name="Clinton" url=""/>
<county normal="" rollover="" name="Marion" url=""/>
<county normal="" rollover="" name="Clay" url=""/>
<county normal="" rollover="" name="Richland" url=""/>
<county normal="" rollover="" name="Lawrence" url=""/>
<county normal="" rollover="" name="Monroe" url=""/>
<county normal="" rollover="" name="Washington" url=""/>
<county normal="" rollover="" name="Jefferson" url=""/>
<county normal="" rollover="" name="Wayne" url=""/>
<county normal="" rollover="" name="Edwards" url=""/>
<county normal="" rollover="" name="Wabash" url=""/>
<county normal="" rollover="" name="Randolph" url=""/>
<county normal="" rollover="" name="Perry" url=""/>
<county normal="" rollover="" name="Franklin" url=""/>
<county normal="" rollover="" name="Hamilton" url=""/>
<county normal="" rollover="" name="White" url=""/>
<county normal="" rollover="" name="Jackson" url=""/>
<county normal="" rollover="" name="Williamson" url=""/>
<county normal="" rollover="" name="Saline" url=""/>
<county normal="" rollover="" name="Gallatin" url=""/>
<county normal="" rollover="" name="Union" url=""/>
<county normal="" rollover="" name="Johnson" url=""/>
<county normal="" rollover="" name="Pope" url=""/>
<county normal="" rollover="" name="Hardin" url=""/>
<county normal="" rollover="" name="Alexander" url=""/>
<county normal="" rollover="" name="Pulaski" url=""/>
<county normal="" rollover="" name="Massac" url=""/>
</map>


