<?xml version="1.0" encoding="utf-8"?>
<map state="Indiana" background="" textColor="000000" normal="98ba97" rollover="98ba97" border="ffffff" rollover_sound="false">
<county normal="" rollover="" name="Lake" url=""/>
<county normal="" rollover="" name="Porter" url=""/>
<county normal="" rollover="" name="La Porte" url=""/>
<county normal="" rollover="" name="St. Joseph" url=""/>
<county normal="" rollover="" name="Elkhart" url=""/>
<county normal="" rollover="" name="Lagrange" url=""/>
<county normal="" rollover="" name="Steuben" url=""/>
<county normal="" rollover="" name="Newton" url=""/>
<county normal="" rollover="" name="Jasper" url=""/>
<county normal="" rollover="" name="Starke" url=""/>
<county normal="" rollover="" name="Pulaski" url=""/>
<county normal="" rollover="" name="Marshall" url=""/>
<county normal="" rollover="" name="Fulton" url=""/>
<county normal="" rollover="" name="Kosciusko" url=""/>
<county normal="" rollover="" name="Noble" url=""/>
<county normal="" rollover="" name="Whitley" url=""/>
<county normal="" rollover="" name="De Kalb" url=""/>
<county normal="" rollover="" name="Allen" url=""/>
<county normal="" rollover="" name="Benton" url=""/>
<county normal="" rollover="" name="White" url=""/>
<county normal="" rollover="" name="Cass" url=""/>
<county normal="" rollover="" name="Miami" url=""/>
<county normal="" rollover="" name="Wabash" url=""/>
<county normal="" rollover="" name="Huntington" url=""/>
<county normal="" rollover="" name="Wells" url=""/>
<county normal="" rollover="" name="Adams" url=""/>
<county normal="" rollover="" name="Carroll" url=""/>
<county normal="" rollover="" name="Howard" url=""/>
<county normal="" rollover="" name="Grant" url=""/>
<county normal="" rollover="" name="Blackford" url=""/>
<county normal="" rollover="" name="Warren" url=""/>
<county normal="" rollover="" name="Tippecanoe" url=""/>
<county normal="" rollover="" name="Clinton" url=""/>
<county normal="" rollover="" name="Tipton" url=""/>
<county normal="" rollover="" name="Jay" url=""/>
<county normal="" rollover="" name="Fountain" url=""/>
<county normal="" rollover="" name="Montgomery" url=""/>
<county normal="" rollover="" name="Boone" url=""/>
<county normal="" rollover="" name="Hamilton" url=""/>
<county normal="" rollover="" name="Madison" url=""/>
<county normal="" rollover="" name="Delaware" url=""/>
<county normal="" rollover="" name="Randolph" url=""/>
<county normal="" rollover="" name="Vermillion" url=""/>
<county normal="" rollover="" name="Parke" url=""/>
<county normal="" rollover="" name="Putnam" url=""/>
<county normal="" rollover="" name="Hendricks" url=""/>
<county normal="" rollover="" name="Marion" url=""/>
<county normal="" rollover="" name="Hancock" url=""/>
<county normal="" rollover="" name="Henry" url=""/>
<county normal="" rollover="" name="Wayne" url=""/>
<county normal="" rollover="" name="Vigo" url=""/>
<county normal="" rollover="" name="Clay" url=""/>
<county normal="" rollover="" name="Owen" url=""/>
<county normal="" rollover="" name="Morgan" url=""/>
<county normal="" rollover="" name="Johnson" url=""/>
<county normal="" rollover="" name="Shelby" url=""/>
<county normal="" rollover="" name="Rush" url=""/>
<county normal="" rollover="" name="Fayette" url=""/>
<county normal="" rollover="" name="Union" url=""/>
<county normal="" rollover="" name="Sullivan" url=""/>
<county normal="" rollover="" name="Greene" url=""/>
<county normal="" rollover="" name="Monroe" url=""/>
<county normal="" rollover="" name="Brown" url=""/>
<county normal="" rollover="" name="Bartholomew" url=""/>
<county normal="" rollover="" name="Decatur" url=""/>
<county normal="" rollover="" name="Franklin" url=""/>
<county normal="" rollover="" name="Knox" url=""/>
<county normal="" rollover="" name="Daviess" url=""/>
<county normal="" rollover="" name="Martin" url=""/>
<county normal="" rollover="" name="Lawrence" url=""/>
<county normal="" rollover="" name="Jackson" url=""/>
<county normal="" rollover="" name="Jennings" url=""/>
<county normal="" rollover="" name="Ripley" url=""/>
<county normal="" rollover="" name="Dearborn" url=""/>
<county normal="" rollover="" name="Gibson" url=""/>
<county normal="" rollover="" name="Pike" url=""/>
<county normal="" rollover="" name="Dubois" url=""/>
<county normal="" rollover="" name="Orange" url=""/>
<county normal="" rollover="" name="Washington" url=""/>
<county normal="" rollover="" name="Scott" url=""/>
<county normal="" rollover="" name="Jefferson" url=""/>
<county normal="" rollover="" name="Ohio" url=""/>
<county normal="" rollover="" name="Switzerland" url=""/>
<county normal="" rollover="" name="Posey" url=""/>
<county normal="" rollover="" name="Vanderburgh" url=""/>
<county normal="" rollover="" name="Warrick" url=""/>
<county normal="" rollover="" name="Spencer" url=""/>
<county normal="" rollover="" name="Perry" url=""/>
<county normal="" rollover="" name="Crawford" url=""/>
<county normal="" rollover="" name="Harrison" url=""/>
<county normal="" rollover="" name="Floyd" url=""/>
<county normal="" rollover="" name="Clark" url=""/>
</map>


