<?xml version="1.0" encoding="utf-8"?>
<map state="Iowa" background="" textColor="000000" normal="98ba97" rollover="98ba97" border="ffffff" rollover_sound="false">
<county normal="" rollover="" name="Lyon" url=""/>
<county normal="" rollover="" name="Osceola" url=""/>
<county normal="748b74" rollover="485748" name="Dickinson" url=""/>
<county normal="" rollover="" name="Emmet" url=""/>
<county normal="" rollover="" name="Kossuth" url=""/>
<county normal="" rollover="" name="Winnebago" url=""/>
<county normal="748b74" rollover="485748" name="Worth" url=""/>
<county normal="" rollover="" name="Mitchell" url=""/>
<county normal="" rollover="" name="Howard" url=""/>
<county normal="" rollover="" name="Winneshiek" url=""/>
<county normal="" rollover="" name="Allamakee" url=""/>
<county normal="" rollover="" name="Sioux" url=""/>
<county normal="" rollover="" name="O'Brien" url=""/>
<county normal="748b74" rollover="485748" name="Clay" url=""/>
<county normal="" rollover="" name="Palo Alto" url=""/>
<county normal="" rollover="" name="Hancock" url=""/>
<county normal="748b74" rollover="485748" name="Cerro Gordo" url=""/>
<county normal="" rollover="" name="Floyd" url=""/>
<county normal="" rollover="" name="Chickasaw" url=""/>
<county normal="" rollover="" name="Plymouth" url=""/>
<county normal="" rollover="" name="Cherokee" url=""/>
<county normal="748b74" rollover="485748" name="Buena Vista" url=""/>
<county normal="" rollover="" name="Pocahontas" url=""/>
<county normal="" rollover="" name="Humboldt" url=""/>
<county normal="" rollover="" name="Wright" url=""/>
<county normal="" rollover="" name="Franklin" url=""/>
<county normal="" rollover="" name="Butler" url=""/>
<county normal="485748" rollover="1d231d" name="Bremer" url=""/>
<county normal="" rollover="" name="Fayette" url=""/>
<county normal="" rollover="" name="Clayton" url=""/>
<county normal="485748" rollover="1d231d" name="Woodbury" url=""/>
<county normal="" rollover="" name="Ida" url=""/>
<county normal="" rollover="" name="Sac" url=""/>
<county normal="" rollover="" name="Calhoun" url=""/>
<county normal="748b74" rollover="485748" name="Webster" url=""/>
<county normal="" rollover="" name="Hamilton" url=""/>
<county normal="" rollover="" name="Hardin" url=""/>
<county normal="485748" rollover="1d231d" name="Grundy" url=""/>
<county normal="485748" rollover="1d231d" name="Black Hawk" url=""/>
<county normal="" rollover="" name="Buchanan" url=""/>
<county normal="" rollover="" name="Delaware" url=""/>
<county normal="485748" rollover="1d231d" name="Dubuque" url=""/>
<county normal="" rollover="" name="Monona" url=""/>
<county normal="" rollover="" name="Crawford" url=""/>
<county normal="" rollover="" name="Carroll" url=""/>
<county normal="" rollover="" name="Greene" url=""/>
<county normal="748b74" rollover="485748" name="Boone" url=""/>
<county normal="485748" rollover="1d231d" name="Story" url=""/>
<county normal="748b74" rollover="485748" name="Marshall" url=""/>
<county normal="" rollover="" name="Tama" url=""/>
<county normal="485748" rollover="1d231d" name="Benton" url=""/>
<county normal="485748" rollover="1d231d" name="Linn" url=""/>
<county normal="485748" rollover="1d231d" name="Jones" url=""/>
<county normal="" rollover="" name="Jackson" url=""/>
<county normal="485748" rollover="1d231d" name="Harrison" url=""/>
<county normal="" rollover="" name="Shelby" url=""/>
<county normal="" rollover="" name="Audubon" url=""/>
<county normal="485748" rollover="1d231d" name="Guthrie" url=""/>
<county normal="485748" rollover="1d231d" name="Dallas" url=""/>
<county normal="485748" rollover="1d231d" name="Polk" url=""/>
<county normal="748b74" rollover="485748" name="Jasper" url=""/>
<county normal="" rollover="" name="Poweshiek" url=""/>
<county normal="" rollover="" name="Iowa" url=""/>
<county normal="485748" rollover="1d231d" name="Johnson" url=""/>
<county normal="" rollover="" name="Cedar" url=""/>
<county normal="748b74" rollover="485748" name="Clinton" url=""/>
<county normal="485748" rollover="1d231d" name="Scott" url=""/>
<county normal="485748" rollover="1d231d" name="Pottawattamie" url=""/>
<county normal="" rollover="" name="Cass" url=""/>
<county normal="" rollover="" name="Adair" url=""/>
<county normal="485748" rollover="1d231d" name="Madison" url=""/>
<county normal="485748" rollover="1d231d" name="Warren" url=""/>
<county normal="748b74" rollover="485748" name="Marion" url=""/>
<county normal="748b74" rollover="485748" name="Mahaska" url=""/>
<county normal="" rollover="" name="Keokuk" url=""/>
<county normal="485748" rollover="1d231d" name="Washington" url=""/>
<county normal="748b74" rollover="485748" name="Muscatine" url=""/>
<county normal="748b74" rollover="485748" name="Louisa" url=""/>
<county normal="485748" rollover="1d231d" name="Mills" url=""/>
<county normal="" rollover="" name="Montgomery" url=""/>
<county normal="" rollover="" name="Adams" url=""/>
<county normal="" rollover="" name="Union" url=""/>
<county normal="" rollover="" name="Clarke" url=""/>
<county normal="" rollover="" name="Lucas" url=""/>
<county normal="" rollover="" name="Monroe" url=""/>
<county normal="748b74" rollover="485748" name="Wapello" url=""/>
<county normal="" rollover="" name="Jefferson" url=""/>
<county normal="" rollover="" name="Henry" url=""/>
<county normal="748b74" rollover="485748" name="Des Moines" url=""/>
<county normal="" rollover="" name="Fremont" url=""/>
<county normal="" rollover="" name="Page" url=""/>
<county normal="" rollover="" name="Taylor" url=""/>
<county normal="" rollover="" name="Ringgold" url=""/>
<county normal="" rollover="" name="Decatur" url=""/>
<county normal="" rollover="" name="Wayne" url=""/>
<county normal="" rollover="" name="Appanoose" url=""/>
<county normal="" rollover="" name="Davis" url=""/>
<county normal="" rollover="" name="Van Buren" url=""/>
<county normal="748b74" rollover="485748" name="Lee" url=""/>
</map>


