<?xml version="1.0" encoding="utf-8"?>
<map state="Kansas" background="" textColor="000000" normal="98ba97" rollover="98ba97" border="ffffff" rollover_sound="false">
<county normal="" rollover="" name="Cheyenne" url=""/>
<county normal="" rollover="" name="Rawlins" url=""/>
<county normal="" rollover="" name="Decatur" url=""/>
<county normal="" rollover="" name="Norton" url=""/>
<county normal="" rollover="" name="Phillips" url=""/>
<county normal="" rollover="" name="Smith" url=""/>
<county normal="" rollover="" name="Jewell" url=""/>
<county normal="" rollover="" name="Republic" url=""/>
<county normal="" rollover="" name="Washington" url=""/>
<county normal="" rollover="" name="Marshall" url=""/>
<county normal="" rollover="" name="Nemaha" url=""/>
<county normal="" rollover="" name="Brown" url=""/>
<county normal="" rollover="" name="Doniphan" url=""/>
<county normal="" rollover="" name="Sherman" url=""/>
<county normal="" rollover="" name="Thomas" url=""/>
<county normal="" rollover="" name="Sheridan" url=""/>
<county normal="" rollover="" name="Graham" url=""/>
<county normal="" rollover="" name="Rooks" url=""/>
<county normal="" rollover="" name="Osborne" url=""/>
<county normal="" rollover="" name="Mitchell" url=""/>
<county normal="" rollover="" name="Cloud" url=""/>
<county normal="" rollover="" name="Clay" url=""/>
<county normal="" rollover="" name="Riley" url=""/>
<county normal="" rollover="" name="Pottawatomie" url=""/>
<county normal="" rollover="" name="Jackson" url=""/>
<county normal="" rollover="" name="Atchison" url=""/>
<county normal="" rollover="" name="Jefferson" url=""/>
<county normal="" rollover="" name="Leavenworth" url=""/>
<county normal="" rollover="" name="Wallace" url=""/>
<county normal="" rollover="" name="Logan" url=""/>
<county normal="" rollover="" name="Gove" url=""/>
<county normal="" rollover="" name="Trego" url=""/>
<county normal="" rollover="" name="Ellis" url=""/>
<county normal="" rollover="" name="Russell" url=""/>
<county normal="" rollover="" name="Lincoln" url=""/>
<county normal="" rollover="" name="Ottawa" url=""/>
<county normal="" rollover="" name="Geary" url=""/>
<county normal="" rollover="" name="Wabaunsee" url=""/>
<county normal="" rollover="" name="Shawnee" url=""/>
<county normal="" rollover="" name="Wyandotte" url=""/>
<county normal="" rollover="" name="Ellsworth" url=""/>
<county normal="" rollover="" name="Saline" url=""/>
<county normal="" rollover="" name="Dickinson" url=""/>
<county normal="" rollover="" name="Morris" url=""/>
<county normal="" rollover="" name="Osage" url=""/>
<county normal="" rollover="" name="Douglas" url=""/>
<county normal="" rollover="" name="Johnson" url=""/>
<county normal="" rollover="" name="Franklin" url=""/>
<county normal="" rollover="" name="Miami" url=""/>
<county normal="" rollover="" name="Greeley" url=""/>
<county normal="" rollover="" name="Wichita" url=""/>
<county normal="" rollover="" name="Scott" url=""/>
<county normal="" rollover="" name="Lane" url=""/>
<county normal="" rollover="" name="Ness" url=""/>
<county normal="" rollover="" name="Rush" url=""/>
<county normal="" rollover="" name="Barton" url=""/>
<county normal="" rollover="" name="Rice" url=""/>
<county normal="" rollover="" name="McPherson" url=""/>
<county normal="" rollover="" name="Marion" url=""/>
<county normal="" rollover="" name="Chase" url=""/>
<county normal="" rollover="" name="Lyon" url=""/>
<county normal="" rollover="" name="Coffey" url=""/>
<county normal="" rollover="" name="Anderson" url=""/>
<county normal="" rollover="" name="Linn" url=""/>
<county normal="" rollover="" name="Hamilton" url=""/>
<county normal="" rollover="" name="Kearny" url=""/>
<county normal="" rollover="" name="Finney" url=""/>
<county normal="" rollover="" name="Hodgeman" url=""/>
<county normal="" rollover="" name="Pawnee" url=""/>
<county normal="" rollover="" name="Edwards" url=""/>
<county normal="" rollover="" name="Stafford" url=""/>
<county normal="" rollover="" name="Reno" url=""/>
<county normal="" rollover="" name="Harvey" url=""/>
<county normal="" rollover="" name="Greenwood" url=""/>
<county normal="" rollover="" name="Woodson" url=""/>
<county normal="" rollover="" name="Allen" url=""/>
<county normal="" rollover="" name="Bourbon" url=""/>
<county normal="" rollover="" name="Stanton" url=""/>
<county normal="" rollover="" name="Grant" url=""/>
<county normal="" rollover="" name="Haskell" url=""/>
<county normal="" rollover="" name="Gray" url=""/>
<county normal="" rollover="" name="Ford" url=""/>
<county normal="" rollover="" name="Kiowa" url=""/>
<county normal="" rollover="" name="Pratt" url=""/>
<county normal="" rollover="" name="Kingman" url=""/>
<county normal="" rollover="" name="Sedgwick" url=""/>
<county normal="" rollover="" name="Butler" url=""/>
<county normal="" rollover="" name="Elk" url=""/>
<county normal="" rollover="" name="Wilson" url=""/>
<county normal="" rollover="" name="Neosho" url=""/>
<county normal="" rollover="" name="Crawford" url=""/>
<county normal="" rollover="" name="Morton" url=""/>
<county normal="" rollover="" name="Stevens" url=""/>
<county normal="" rollover="" name="Seward" url=""/>
<county normal="" rollover="" name="Meade" url=""/>
<county normal="" rollover="" name="Clark" url=""/>
<county normal="" rollover="" name="Comanche" url=""/>
<county normal="" rollover="" name="Barber" url=""/>
<county normal="" rollover="" name="Harper" url=""/>
<county normal="" rollover="" name="Sumner" url=""/>
<county normal="" rollover="" name="Cowley" url=""/>
<county normal="" rollover="" name="Chautauqua" url=""/>
<county normal="" rollover="" name="Montgomery" url=""/>
<county normal="" rollover="" name="Labette" url=""/>
<county normal="" rollover="" name="Cherokee" url=""/>
</map>


