<?xml version="1.0" encoding="utf-8"?>
<map state="Kentucky" background="" textColor="000000" normal="98ba97" rollover="98ba97" border="ffffff" rollover_sound="false">
<county normal="" rollover="" name="Ballard" url=""/>
<county normal="" rollover="" name="Carlisle" url=""/>
<county normal="" rollover="" name="Hickman" url=""/>
<county normal="" rollover="" name="Fulton" url=""/>
<county normal="" rollover="" name="McCracken" url=""/>
<county normal="" rollover="" name="Graves" url=""/>
<county normal="" rollover="" name="Livingston" url=""/>
<county normal="" rollover="" name="Marshall" url=""/>
<county normal="" rollover="" name="Calloway" url=""/>
<county normal="" rollover="" name="Union" url=""/>
<county normal="" rollover="" name="Crittenden" url=""/>
<county normal="" rollover="" name="Caldwell" url=""/>
<county normal="" rollover="" name="Lyon" url=""/>
<county normal="" rollover="" name="Trigg" url=""/>
<county normal="" rollover="" name="Henderson" url=""/>
<county normal="" rollover="" name="Webster" url=""/>
<county normal="" rollover="" name="Hopkins" url=""/>
<county normal="" rollover="" name="Christian" url=""/>
<county normal="" rollover="" name="Daviess" url=""/>
<county normal="" rollover="" name="McLean" url=""/>
<county normal="" rollover="" name="Muhlenberg" url=""/>
<county normal="" rollover="" name="Todd" url=""/>
<county normal="" rollover="" name="Hancock" url=""/>
<county normal="" rollover="" name="Ohio" url=""/>
<county normal="" rollover="" name="Butler" url=""/>
<county normal="" rollover="" name="Logan" url=""/>
<county normal="" rollover="" name="Meade" url=""/>
<county normal="" rollover="" name="Breckinridge" url=""/>
<county normal="" rollover="" name="Grayson" url=""/>
<county normal="" rollover="" name="Edmonson" url=""/>
<county normal="" rollover="" name="Warren" url=""/>
<county normal="" rollover="" name="Simpson" url=""/>
<county normal="" rollover="" name="Boone" url=""/>
<county normal="" rollover="" name="Kenton" url=""/>
<county normal="" rollover="" name="Campbell" url=""/>
<county normal="" rollover="" name="Gallatin" url=""/>
<county normal="" rollover="" name="Grant" url=""/>
<county normal="" rollover="" name="Pendleton" url=""/>
<county normal="" rollover="" name="Bracken" url=""/>
<county normal="" rollover="" name="Carroll" url=""/>
<county normal="" rollover="" name="Trimble" url=""/>
<county normal="" rollover="" name="Oldham" url=""/>
<county normal="" rollover="" name="Henry" url=""/>
<county normal="" rollover="" name="Owen" url=""/>
<county normal="" rollover="" name="Harrison" url=""/>
<county normal="" rollover="" name="Robertson" url=""/>
<county normal="" rollover="" name="Mason" url=""/>
<county normal="" rollover="" name="Lewis" url=""/>
<county normal="" rollover="" name="Greenup" url=""/>
<county normal="" rollover="" name="Jefferson" url=""/>
<county normal="" rollover="" name="Shelby" url=""/>
<county normal="" rollover="" name="Franklin" url=""/>
<county normal="" rollover="" name="Scott" url=""/>
<county normal="" rollover="" name="Bourbon" url=""/>
<county normal="" rollover="" name="Nicholas" url=""/>
<county normal="" rollover="" name="Fleming" url=""/>
<county normal="" rollover="" name="Carter" url=""/>
<county normal="" rollover="" name="Boyd" url=""/>
<county normal="" rollover="" name="Bullitt" url=""/>
<county normal="" rollover="" name="Spencer" url=""/>
<county normal="" rollover="" name="Anderson" url=""/>
<county normal="" rollover="" name="Woodford" url=""/>
<county normal="" rollover="" name="Fayette" url=""/>
<county normal="" rollover="" name="Clark" url=""/>
<county normal="" rollover="" name="Montgomery" url=""/>
<county normal="" rollover="" name="Bath" url=""/>
<county normal="" rollover="" name="Rowan" url=""/>
<county normal="" rollover="" name="Elliott" url=""/>
<county normal="" rollover="" name="Menifee" url=""/>
<county normal="" rollover="" name="Morgan" url=""/>
<county normal="" rollover="" name="Lawrence" url=""/>
<county normal="" rollover="" name="Nelson" url=""/>
<county normal="" rollover="" name="Washington" url=""/>
<county normal="" rollover="" name="Mercer" url=""/>
<county normal="" rollover="" name="Jessamine" url=""/>
<county normal="" rollover="" name="Powell" url=""/>
<county normal="" rollover="" name="Wolfe" url=""/>
<county normal="" rollover="" name="Johnson" url=""/>
<county normal="" rollover="" name="Martin" url=""/>
<county normal="" rollover="" name="Hardin" url=""/>
<county normal="" rollover="" name="Larue" url=""/>
<county normal="" rollover="" name="Marion" url=""/>
<county normal="" rollover="" name="Boyle" url=""/>
<county normal="" rollover="" name="Garrard" url=""/>
<county normal="" rollover="" name="Madison" url=""/>
<county normal="" rollover="" name="Estill" url=""/>
<county normal="" rollover="" name="Lee" url=""/>
<county normal="" rollover="" name="Magoffin" url=""/>
<county normal="" rollover="" name="Lincoln" url=""/>
<county normal="" rollover="" name="Jackson" url=""/>
<county normal="" rollover="" name="Breathitt" url=""/>
<county normal="" rollover="" name="Floyd" url=""/>
<county normal="" rollover="" name="Hart" url=""/>
<county normal="" rollover="" name="Green" url=""/>
<county normal="" rollover="" name="Taylor" url=""/>
<county normal="" rollover="" name="Casey" url=""/>
<county normal="" rollover="" name="Rockcastle" url=""/>
<county normal="" rollover="" name="Owsley" url=""/>
<county normal="" rollover="" name="Knott" url=""/>
<county normal="" rollover="" name="Pike" url=""/>
<county normal="" rollover="" name="Barren" url=""/>
<county normal="" rollover="" name="Metcalfe" url=""/>
<county normal="" rollover="" name="Adair" url=""/>
<county normal="" rollover="" name="Russell" url=""/>
<county normal="" rollover="" name="Pulaski" url=""/>
<county normal="" rollover="" name="Laurel" url=""/>
<county normal="" rollover="" name="Clay" url=""/>
<county normal="" rollover="" name="Perry" url=""/>
<county normal="" rollover="" name="Leslie" url=""/>
<county normal="" rollover="" name="Letcher" url=""/>
<county normal="" rollover="" name="Cumberland" url=""/>
<county normal="" rollover="" name="Wayne" url=""/>
<county normal="" rollover="" name="Whitley" url=""/>
<county normal="" rollover="" name="Knox" url=""/>
<county normal="" rollover="" name="Harlan" url=""/>
<county normal="" rollover="" name="Allen" url=""/>
<county normal="" rollover="" name="Monroe" url=""/>
<county normal="" rollover="" name="Clinton" url=""/>
<county normal="" rollover="" name="McCreary" url=""/>
<county normal="" rollover="" name="Bell" url=""/>
</map>


