<?xml version="1.0" encoding="utf-8"?>
<map state="Louisiana" background="" textColor="000000" normal="98ba97" rollover="98ba97" border="ffffff" rollover_sound="false">
<county normal="" rollover="" name="Caddo" url=""/>
<county normal="" rollover="" name="Bossier" url=""/>
<county normal="" rollover="" name="Webster" url=""/>
<county normal="" rollover="" name="Claiborne" url=""/>
<county normal="" rollover="" name="Bienville" url=""/>
<county normal="" rollover="" name="Lincoln" url=""/>
<county normal="" rollover="" name="Union" url=""/>
<county normal="" rollover="" name="Jackson" url=""/>
<county normal="" rollover="" name="Ouachita" url=""/>
<county normal="" rollover="" name="Morehouse" url=""/>
<county normal="" rollover="" name="Richland" url=""/>
<county normal="" rollover="" name="West Carroll" url=""/>
<county normal="" rollover="" name="East Carroll" url=""/>
<county normal="" rollover="" name="Madison" url=""/>
<county normal="" rollover="" name="De Soto" url=""/>
<county normal="" rollover="" name="Red River" url=""/>
<county normal="" rollover="" name="Winn" url=""/>
<county normal="" rollover="" name="Caldwell" url=""/>
<county normal="" rollover="" name="Franklin" url=""/>
<county normal="" rollover="" name="Tensas" url=""/>
<county normal="" rollover="" name="Sabine" url=""/>
<county normal="" rollover="" name="Natchitoches" url=""/>
<county normal="" rollover="" name="Grant" url=""/>
<county normal="" rollover="" name="La Salle" url=""/>
<county normal="" rollover="" name="Catahoula" url=""/>
<county normal="" rollover="" name="Concordia" url=""/>
<county normal="" rollover="" name="Vernon" url=""/>
<county normal="" rollover="" name="Rapides" url=""/>
<county normal="" rollover="" name="Avoyelles" url=""/>
<county normal="" rollover="" name="Beauregard" url=""/>
<county normal="" rollover="" name="Allen" url=""/>
<county normal="" rollover="" name="Evangeline" url=""/>
<county normal="" rollover="" name="St. Landry" url=""/>
<county normal="" rollover="" name="Pointe Coupee" url=""/>
<county normal="" rollover="" name="West Feliciana" url=""/>
<county normal="" rollover="" name="West Baton Rouge" url=""/>
<county normal="" rollover="" name="East Feliciana" url=""/>
<county normal="" rollover="" name="East Baton Rouge" url=""/>
<county normal="" rollover="" name="St. Helena" url=""/>
<county normal="" rollover="" name="Livingston" url=""/>
<county normal="" rollover="" name="Tangipahoa" url=""/>
<county normal="" rollover="" name="Washington" url=""/>
<county normal="" rollover="" name="St. Tammany" url=""/>
<county normal="" rollover="" name="Calcasieu" url=""/>
<county normal="" rollover="" name="Jefferson Davis" url=""/>
<county normal="" rollover="" name="Acadia" url=""/>
<county normal="" rollover="" name="Lafayette" url=""/>
<county normal="" rollover="" name="St. Martin" url=""/>
<county normal="" rollover="" name="Iberville" url=""/>
<county normal="" rollover="" name="Ascension" url=""/>
<county normal="" rollover="" name="Cameron" url=""/>
<county normal="" rollover="" name="Vermilion" url=""/>
<county normal="" rollover="" name="Iberia" url=""/>
<county normal="" rollover="" name="St. Mary" url=""/>
<county normal="" rollover="" name="St. Martin" url=""/>
<county normal="" rollover="" name="Assumption" url=""/>
<county normal="" rollover="" name="St. James" url=""/>
<county normal="" rollover="" name="St. John the Baptist" url=""/>
<county normal="" rollover="" name="St. Charles" url=""/>
<county normal="" rollover="" name="Jefferson" url=""/>
<county normal="" rollover="" name="Orleans" url=""/>
<county normal="" rollover="" name="St. Bernard" url=""/>
<county normal="" rollover="" name="Terrebonne" url=""/>
<county normal="" rollover="" name="Lafourche" url=""/>
<county normal="" rollover="" name="Plaquemines" url=""/>
</map>


