<?xml version="1.0" encoding="utf-8"?>
<map state="Maine" background="" textColor="000000" normal="98ba97" rollover="98ba97" border="ffffff" rollover_sound="false">
<county normal="" name="Aroostook" url=""/>
<county normal="" name="Somerset" url=""/>
<county normal="" name="Piscaataquis" url=""/>
<county normal="" name="Penobscot" url=""/>
<county normal="" name="Washington" url=""/>
<county normal="" name="Franklin" url=""/>
<county normal="" name="Oxford" url=""/>
<county normal="" name="Androscoggin" url=""/>
<county normal="" name="Kennebec" url=""/>
<county normal="" name="Waldo" url=""/>
<county normal="" name="Hancock" url=""/>
<county normal="" name="Knox" url=""/>
<county normal="" name="Lincoln" url=""/>
<county normal="" name="Sagadahoc" url=""/>
<county normal="" name="Cumberland" url=""/>
<county normal="" name="York" url=""/>
</map>


