<?xml version="1.0" encoding="utf-8"?>
<map state="Maryland" background="" textColor="000000" normal="98ba97" rollover="98ba97" border="ffffff" rollover_sound="false">
<county normal="" rollover="" name="Garrett" url=""/>
<county normal="" rollover="" name="Allegany" url=""/>
<county normal="" rollover="" name="Washington" url=""/>
<county normal="" rollover="" name="Frederick" url=""/>
<county normal="" rollover="" name="Montgomery" url=""/>
<county normal="" rollover="" name="Carroll" url=""/>
<county normal="" rollover="" name="Howard" url=""/>
<county normal="" rollover="" name="Prince George's" url=""/>
<county normal="" rollover="" name="Charles" url=""/>
<county normal="" rollover="" name="Baltimore" url=""/>
<county normal="" rollover="" name="Anne Arundel" url=""/>
<county normal="" rollover="" name="Calvert" url=""/>
<county normal="" rollover="" name="St. Mary's" url=""/>
<county normal="" rollover="" name="Harford" url=""/>
<county normal="" rollover="" name="Cecil" url=""/>
<county normal="" rollover="" name="Kent" url=""/>
<county normal="" rollover="" name="Queen Anne's" url=""/>
<county normal="" rollover="" name="Caroline" url=""/>
<county normal="" rollover="" name="Talbot" url=""/>
<county normal="" rollover="" name="Dorchester" url=""/>
<county normal="" rollover="" name="Wicomico" url=""/>
<county normal="" rollover="" name="Somerset" url=""/>
<county normal="" rollover="" name="Worcester" url=""/>
</map>


