<?xml version="1.0" encoding="utf-8"?>
<map state="Massachusetts" background="" textColor="000000" normal="98ba97" rollover="98ba97" border="ffffff" rollover_sound="false">
<county normal="" rollover="" name="Berkshire" url=""/>
<county normal="" rollover="" name="Franklin" url=""/>
<county normal="" rollover="" name="Hampshire" url=""/>
<county normal="" rollover="" name="Hampden" url=""/>
<county normal="" rollover="" name="Worcester" url=""/>
<county normal="" rollover="" name="Essex" url=""/>
<county normal="" rollover="" name="Middlesex" url=""/>
<county normal="" rollover="" name="Suffolk" url=""/>
<county normal="" rollover="" name="Norfolk" url=""/>
<county normal="" rollover="" name="Plymouth" url=""/>
<county normal="" rollover="" name="Bristol" url=""/>
<county normal="" rollover="" name="Barnstable" url=""/>
<county normal="" rollover="" name="Dukes" url=""/>
<county normal="" rollover="" name="Nantucket" url=""/>
</map>


