<?xml version="1.0" encoding="utf-8"?>
<map state="Michigan" background="" textColor="000000" normal="98ba97" rollover="98ba97" border="ffffff" rollover_sound="false">
<county normal="" rollover="" name="Isle Royale" url=""/>
<county normal="" rollover="" name="Keweenaw" url=""/>
<county normal="" rollover="" name="Houghton" url=""/>
<county normal="" rollover="" name="Ontonagon" url=""/>
<county normal="" rollover="" name="Baraga" url=""/>
<county normal="" rollover="" name="Gogebic" url=""/>
<county normal="" rollover="" name="Iron" url=""/>
<county normal="" rollover="" name="Marquette" url=""/>
<county normal="" rollover="" name="Dickinson" url=""/>
<county normal="" rollover="" name="Menominee" url=""/>
<county normal="" rollover="" name="Alger" url=""/>
<county normal="" rollover="" name="Delta" url=""/>
<county normal="" rollover="" name="Schoolcraft" url=""/>
<county normal="" rollover="" name="Luce" url=""/>
<county normal="" rollover="" name="Mackinac" url=""/>
<county normal="" rollover="" name="Chippewa" url=""/>
<county normal="" rollover="" name="Beaver Island" url=""/>
<county normal="" rollover="" name="Bois Blanc Island" url=""/>
<county normal="" rollover="" name="Emmet" url=""/>
<county normal="" rollover="" name="Charlevoix" url=""/>
<county normal="" rollover="" name="Cheboygan" url=""/>
<county normal="" rollover="" name="Presque Isle" url=""/>
<county normal="" rollover="" name="Manitou Island" url=""/>
<county normal="" rollover="" name="Leelanau" url=""/>
<county normal="" rollover="" name="Antrim" url=""/>
<county normal="" rollover="" name="Otsego" url=""/>
<county normal="" rollover="" name="Montmorency" url=""/>
<county normal="" rollover="" name="Alpena" url=""/>
<county normal="" rollover="" name="Benzie" url=""/>
<county normal="" rollover="" name="Grand Traverse" url=""/>
<county normal="" rollover="" name="Kalkaska" url=""/>
<county normal="" rollover="" name="Crawford" url=""/>
<county normal="" rollover="" name="Oscoda" url=""/>
<county normal="" rollover="" name="Alcona" url=""/>
<county normal="" rollover="" name="Manistee" url=""/>
<county normal="" rollover="" name="Wexford" url=""/>
<county normal="" rollover="" name="Missaukee" url=""/>
<county normal="" rollover="" name="Roscommon" url=""/>
<county normal="" rollover="" name="Ogemaw" url=""/>
<county normal="" rollover="" name="Iosco" url=""/>
<county normal="" rollover="" name="Mason" url=""/>
<county normal="" rollover="" name="Lake" url=""/>
<county normal="" rollover="" name="Osceola" url=""/>
<county normal="" rollover="" name="Clare" url=""/>
<county normal="" rollover="" name="Gladwin" url=""/>
<county normal="" rollover="" name="Arenac" url=""/>
<county normal="" rollover="" name="Oceana" url=""/>
<county normal="" rollover="" name="Newaygo" url=""/>
<county normal="" rollover="" name="Mecosta" url=""/>
<county normal="" rollover="" name="Isabella" url=""/>
<county normal="" rollover="" name="Midland" url=""/>
<county normal="" rollover="" name="Bay" url=""/>
<county normal="" rollover="" name="Huron" url=""/>
<county normal="" rollover="" name="Muskegon" url=""/>
<county normal="" rollover="" name="Montcalm" url=""/>
<county normal="" rollover="" name="Gratiot" url=""/>
<county normal="" rollover="" name="Saginaw" url=""/>
<county normal="" rollover="" name="Tuscola" url=""/>
<county normal="" rollover="" name="Sanilac" url=""/>
<county normal="" rollover="" name="Ottawa" url=""/>
<county normal="" rollover="" name="Kent" url=""/>
<county normal="" rollover="" name="Ionia" url=""/>
<county normal="" rollover="" name="Clinton" url=""/>
<county normal="" rollover="" name="Shiawassee" url=""/>
<county normal="" rollover="" name="Genesee" url=""/>
<county normal="" rollover="" name="Lapeer" url=""/>
<county normal="" rollover="" name="St. Clair" url=""/>
<county normal="" rollover="" name="Allegan" url=""/>
<county normal="" rollover="" name="Barry" url=""/>
<county normal="" rollover="" name="Eaton" url=""/>
<county normal="" rollover="" name="Ingham" url=""/>
<county normal="" rollover="" name="Livingston" url=""/>
<county normal="" rollover="" name="Oakland" url=""/>
<county normal="" rollover="" name="Macomb" url=""/>
<county normal="" rollover="" name="Van Buren" url=""/>
<county normal="" rollover="" name="Kalamazoo" url=""/>
<county normal="" rollover="" name="Calhoun" url=""/>
<county normal="" rollover="" name="Jackson" url=""/>
<county normal="" rollover="" name="Washtenaw" url=""/>
<county normal="" rollover="" name="Wayne" url=""/>
<county normal="" rollover="" name="Berrien" url=""/>
<county normal="" rollover="" name="Cass" url=""/>
<county normal="" rollover="" name="St. Joseph" url=""/>
<county normal="" rollover="" name="Branch" url=""/>
<county normal="" rollover="" name="Hillsdale" url=""/>
<county normal="" rollover="" name="Lenawee" url=""/>
<county normal="" rollover="" name="Monroe" url=""/>
</map>


