<?xml version="1.0" encoding="utf-8"?>
<map state="Minnesota" background="" textColor="000000" normal="98ba97" rollover="98ba97" border="ffffff" rollover_sound="false">
<county normal="" rollover="" name="Kittson" url=""/>
<county normal="" rollover="" name="Roseau" url=""/>
<county normal="" rollover="" name="Lake of the Woods" url=""/>
<county normal="" rollover="" name="Koochiching" url=""/>
<county normal="" rollover="" name="Marshall" url=""/>
<county normal="" rollover="" name="Beltrami" url=""/>
<county normal="" rollover="" name="Pennington" url=""/>
<county normal="" rollover="" name="Red Lake" url=""/>
<county normal="" rollover="" name="Polk" url=""/>
<county normal="" rollover="" name="Clearwater" url=""/>
<county normal="" rollover="" name="Norman" url=""/>
<county normal="" rollover="" name="Mahnomen" url=""/>
<county normal="" rollover="" name="Itasca" url=""/>
<county normal="" rollover="" name="St. Louis" url=""/>
<county normal="" rollover="" name="Lake" url=""/>
<county normal="" rollover="" name="Cook" url=""/>
<county normal="" rollover="" name="Clay" url=""/>
<county normal="" rollover="" name="Becker" url=""/>
<county normal="" rollover="" name="Hubbard" url=""/>
<county normal="" rollover="" name="Cass" url=""/>
<county normal="" rollover="" name="Wilkin" url=""/>
<county normal="" rollover="" name="Otter Tail" url=""/>
<county normal="" rollover="" name="Wadena" url=""/>
<county normal="" rollover="" name="Crow Wing" url=""/>
<county normal="" rollover="" name="Aitkin" url=""/>
<county normal="" rollover="" name="Carlton" url=""/>
<county normal="" rollover="" name="Traverse" url=""/>
<county normal="" rollover="" name="Grant" url=""/>
<county normal="" rollover="" name="Douglas" url=""/>
<county normal="" rollover="" name="Todd" url=""/>
<county normal="" rollover="" name="Morrison" url=""/>
<county normal="" rollover="" name="Mille Lacs" url=""/>
<county normal="" rollover="" name="Kanabec" url=""/>
<county normal="" rollover="" name="Pine" url=""/>
<county normal="" rollover="" name="Big Stone" url=""/>
<county normal="" rollover="" name="Stevens" url=""/>
<county normal="" rollover="" name="Pope" url=""/>
<county normal="" rollover="" name="Swift" url=""/>
<county normal="" rollover="" name="Stearns" url=""/>
<county normal="" rollover="" name="Benton" url=""/>
<county normal="" rollover="" name="Sherburne" url=""/>
<county normal="" rollover="" name="Isanti" url=""/>
<county normal="" rollover="" name="Chisago" url=""/>
<county normal="" rollover="" name="Lac qui Parie" url=""/>
<county normal="" rollover="" name="Chippewa" url=""/>
<county normal="" rollover="" name="Kandiyohi" url=""/>
<county normal="" rollover="" name="Meeker" url=""/>
<county normal="" rollover="" name="Wright" url=""/>
<county normal="" rollover="" name="Anoka" url=""/>
<county normal="" rollover="" name="Yellow Medicine" url=""/>
<county normal="" rollover="" name="Renville" url=""/>
<county normal="" rollover="" name="McLeod" url=""/>
<county normal="" rollover="" name="Carver" url=""/>
<county normal="" rollover="" name="Hennepin" url=""/>
<county normal="" rollover="" name="Ramsey" url=""/>
<county normal="" rollover="" name="Washington" url=""/>
<county normal="" rollover="" name="Lincoln" url=""/>
<county normal="" rollover="" name="Lyon" url=""/>
<county normal="" rollover="" name="Redwood" url=""/>
<county normal="" rollover="" name="Brown" url=""/>
<county normal="" rollover="" name="Sibley" url=""/>
<county normal="" rollover="" name="Nicollet" url=""/>
<county normal="" rollover="" name="Scott" url=""/>
<county normal="" rollover="" name="Le Sueur" url=""/>
<county normal="" rollover="" name="Rice" url=""/>
<county normal="" rollover="" name="Dakota" url=""/>
<county normal="" rollover="" name="Goodhue" url=""/>
<county normal="" rollover="" name="Wabasha" url=""/>
<county normal="" rollover="" name="Pipestone" url=""/>
<county normal="" rollover="" name="Murray" url=""/>
<county normal="" rollover="" name="Cottonwood" url=""/>
<county normal="" rollover="" name="Watonwan" url=""/>
<county normal="" rollover="" name="Blue Earth" url=""/>
<county normal="" rollover="" name="Waseca" url=""/>
<county normal="" rollover="" name="Steele" url=""/>
<county normal="" rollover="" name="Dodge" url=""/>
<county normal="" rollover="" name="Olmsted" url=""/>
<county normal="" rollover="" name="Winona" url=""/>
<county normal="" rollover="" name="Rock" url=""/>
<county normal="" rollover="" name="Nobles" url=""/>
<county normal="" rollover="" name="Jackson" url=""/>
<county normal="" rollover="" name="Martin" url=""/>
<county normal="" rollover="" name="Faribault" url=""/>
<county normal="" rollover="" name="Freeborn" url=""/>
<county normal="" rollover="" name="Mower" url=""/>
<county normal="" rollover="" name="Fillmore" url=""/>
<county normal="" rollover="" name="Houston" url=""/>
</map>


