<?xml version="1.0" encoding="utf-8"?>
<map state="Missouri" background="" textColor="000000" normal="98ba97" rollover="98ba97" border="ffffff" rollover_sound="false">
<county normal="" rollover="" name="Atchison" url=""/>
<county normal="" rollover="" name="Nodaway" url=""/>
<county normal="" rollover="" name="Worth" url=""/>
<county normal="" rollover="" name="Gentry" url=""/>
<county normal="" rollover="" name="Harrison" url=""/>
<county normal="" rollover="" name="Mercer" url=""/>
<county normal="" rollover="" name="Putnam" url=""/>
<county normal="" rollover="" name="Schuyler" url=""/>
<county normal="" rollover="" name="Scotland" url=""/>
<county normal="" rollover="" name="Clark" url=""/>
<county normal="" rollover="" name="Holt" url=""/>
<county normal="" rollover="" name="Andrew" url=""/>
<county normal="" rollover="" name="DeKalb" url=""/>
<county normal="" rollover="" name="Daviess" url=""/>
<county normal="" rollover="" name="Grundy" url=""/>
<county normal="" rollover="" name="Sullivan" url=""/>
<county normal="" rollover="" name="Adair" url=""/>
<county normal="" rollover="" name="Knox" url=""/>
<county normal="" rollover="" name="Lewis" url=""/>
<county normal="" rollover="" name="Buchanan" url=""/>
<county normal="" rollover="" name="Clinton" url=""/>
<county normal="" rollover="" name="Caldwell" url=""/>
<county normal="" rollover="" name="Livingston" url=""/>
<county normal="" rollover="" name="Linn" url=""/>
<county normal="" rollover="" name="Macon" url=""/>
<county normal="" rollover="" name="Shelby" url=""/>
<county normal="" rollover="" name="Marion" url=""/>
<county normal="" rollover="" name="Platte" url=""/>
<county normal="" rollover="" name="Clay" url=""/>
<county normal="" rollover="" name="Ray" url=""/>
<county normal="" rollover="" name="Carroll" url=""/>
<county normal="" rollover="" name="Chariton" url=""/>
<county normal="" rollover="" name="Randolph" url=""/>
<county normal="" rollover="" name="Monroe" url=""/>
<county normal="" rollover="" name="Ralls" url=""/>
<county normal="" rollover="" name="Jackson" url=""/>
<county normal="" rollover="" name="Lafayette" url=""/>
<county normal="" rollover="" name="Saline" url=""/>
<county normal="" rollover="" name="Howard" url=""/>
<county normal="" rollover="" name="Audrain" url=""/>
<county normal="" rollover="" name="Pike" url=""/>
<county normal="" rollover="" name="Cass" url=""/>
<county normal="" rollover="" name="Johnson" url=""/>
<county normal="" rollover="" name="Pettis" url=""/>
<county normal="" rollover="" name="Cooper" url=""/>
<county normal="" rollover="" name="Boone" url=""/>
<county normal="" rollover="" name="Moniteau" url=""/>
<county normal="" rollover="" name="Cole" url=""/>
<county normal="" rollover="" name="Callaway" url=""/>
<county normal="" rollover="" name="Osage" url=""/>
<county normal="" rollover="" name="Montgomery" url=""/>
<county normal="" rollover="" name="Lincoln" url=""/>
<county normal="" rollover="" name="Warren" url=""/>
<county normal="" rollover="" name="St. Charles" url=""/>
<county normal="" rollover="" name="St. Louis" url=""/>
<county normal="" rollover="" name="St. Louis City" url=""/>
<county normal="" rollover="" name="Bates" url=""/>
<county normal="" rollover="" name="Henry" url=""/>
<county normal="" rollover="" name="Benton" url=""/>
<county normal="" rollover="" name="Morgan" url=""/>
<county normal="" rollover="" name="Miller" url=""/>
<county normal="" rollover="" name="Maries" url=""/>
<county normal="" rollover="" name="Gasconade" url=""/>
<county normal="" rollover="" name="Franklin" url=""/>
<county normal="" rollover="" name="Jefferson" url=""/>
<county normal="" rollover="" name="St. Clair" url=""/>
<county normal="" rollover="" name="Hickory" url=""/>
<county normal="" rollover="" name="Camden" url=""/>
<county normal="" rollover="" name="Pulaski" url=""/>
<county normal="" rollover="" name="Phelps" url=""/>
<county normal="" rollover="" name="Crawford" url=""/>
<county normal="" rollover="" name="Washington" url=""/>
<county normal="" rollover="" name="Ste. Genevieve" url=""/>
<county normal="" rollover="" name="Vernon" url=""/>
<county normal="" rollover="" name="Cedar" url=""/>
<county normal="" rollover="" name="Polk" url=""/>
<county normal="" rollover="" name="Dallas" url=""/>
<county normal="" rollover="" name="Laclede" url=""/>
<county normal="" rollover="" name="Dent" url=""/>
<county normal="" rollover="" name="Iron" url=""/>
<county normal="" rollover="" name="St. Francois" url=""/>
<county normal="" rollover="" name="Perry" url=""/>
<county normal="" rollover="" name="Barton" url=""/>
<county normal="" rollover="" name="Dade" url=""/>
<county normal="" rollover="" name="Jasper" url=""/>
<county normal="" rollover="" name="Lawrence" url=""/>
<county normal="" rollover="" name="Greene" url=""/>
<county normal="" rollover="" name="Webster" url=""/>
<county normal="" rollover="" name="Wright" url=""/>
<county normal="" rollover="" name="Texas" url=""/>
<county normal="" rollover="" name="Shannon" url=""/>
<county normal="" rollover="" name="Reynolds" url=""/>
<county normal="" rollover="" name="Madison" url=""/>
<county normal="" rollover="" name="Bollinger" url=""/>
<county normal="" rollover="" name="Cape Girardeau" url=""/>
<county normal="" rollover="" name="Newton" url=""/>
<county normal="" rollover="" name="Christian" url=""/>
<county normal="" rollover="" name="Douglas" url=""/>
<county normal="" rollover="" name="Carter" url=""/>
<county normal="" rollover="" name="Wayne" url=""/>
<county normal="" rollover="" name="Scott" url=""/>
<county normal="" rollover="" name="McDonald" url=""/>
<county normal="" rollover="" name="Barry" url=""/>
<county normal="" rollover="" name="Stone" url=""/>
<county normal="" rollover="" name="Taney" url=""/>
<county normal="" rollover="" name="Ozark" url=""/>
<county normal="" rollover="" name="Howell" url=""/>
<county normal="" rollover="" name="Oregon" url=""/>
<county normal="" rollover="" name="Ripley" url=""/>
<county normal="" rollover="" name="Butler" url=""/>
<county normal="" rollover="" name="Stoddard" url=""/>
<county normal="" rollover="" name="Mississippi" url=""/>
<county normal="" rollover="" name="New Madrid" url=""/>
<county normal="" rollover="" name="Dunklin" url=""/>
<county normal="" rollover="" name="Pemiscot" url=""/>
</map>


