<?xml version="1.0" encoding="utf-8"?>
<map state="Mississippi" background="" textColor="000000" normal="98ba97" rollover="98ba97" border="ffffff" rollover_sound="false">
<county normal="" rollover="" name="DeSoto" url=""/>
<county normal="" rollover="" name="Tunica" url=""/>
<county normal="" rollover="" name="Tate" url=""/>
<county normal="" rollover="" name="Marshall" url=""/>
<county normal="" rollover="" name="Benton" url=""/>
<county normal="" rollover="" name="Tippah" url=""/>
<county normal="" rollover="" name="Alcorn" url=""/>
<county normal="" rollover="" name="Prentiss" url=""/>
<county normal="" rollover="" name="Tishomingo" url=""/>
<county normal="" rollover="" name="Coahoma" url=""/>
<county normal="" rollover="" name="Quitman" url=""/>
<county normal="" rollover="" name="Panola" url=""/>
<county normal="" rollover="" name="Lafayette" url=""/>
<county normal="" rollover="" name="Union" url=""/>
<county normal="" rollover="" name="Pontotoc" url=""/>
<county normal="" rollover="" name="Lee" url=""/>
<county normal="" rollover="" name="Itawamba" url=""/>
<county normal="" rollover="" name="Bolivar" url=""/>
<county normal="" rollover="" name="Tallahatchie" url=""/>
<county normal="" rollover="" name="Yalobusha" url=""/>
<county normal="" rollover="" name="Grenada" url=""/>
<county normal="" rollover="" name="Calhoun" url=""/>
<county normal="" rollover="" name="Chickasaw" url=""/>
<county normal="" rollover="" name="Monroe" url=""/>
<county normal="" rollover="" name="Sunflower" url=""/>
<county normal="" rollover="" name="Leflore" url=""/>
<county normal="" rollover="" name="Carroll" url=""/>
<county normal="" rollover="" name="Montgomery" url=""/>
<county normal="" rollover="" name="Webster" url=""/>
<county normal="" rollover="" name="Choctaw" url=""/>
<county normal="" rollover="" name="Clay" url=""/>
<county normal="" rollover="" name="Oktibbeha" url=""/>
<county normal="" rollover="" name="Lowndes" url=""/>
<county normal="" rollover="" name="Washington" url=""/>
<county normal="" rollover="" name="Humphreys" url=""/>
<county normal="" rollover="" name="Holmes" url=""/>
<county normal="" rollover="" name="Attala" url=""/>
<county normal="" rollover="" name="Winston" url=""/>
<county normal="" rollover="" name="Noxubee" url=""/>
<county normal="" rollover="" name="Issaquena" url=""/>
<county normal="" rollover="" name="Sharkey" url=""/>
<county normal="" rollover="" name="Yazoo" url=""/>
<county normal="" rollover="" name="Madison" url=""/>
<county normal="" rollover="" name="Leake" url=""/>
<county normal="" rollover="" name="Neshoba" url=""/>
<county normal="" rollover="" name="Kemper" url=""/>
<county normal="" rollover="" name="Warren" url=""/>
<county normal="" rollover="" name="Hinds" url=""/>
<county normal="" rollover="" name="Rankin" url=""/>
<county normal="" rollover="" name="Scott" url=""/>
<county normal="" rollover="" name="Newton" url=""/>
<county normal="" rollover="" name="Lauderdale" url=""/>
<county normal="" rollover="" name="Claiborne" url=""/>
<county normal="" rollover="" name="Copiah" url=""/>
<county normal="" rollover="" name="Simpson" url=""/>
<county normal="" rollover="" name="Smith" url=""/>
<county normal="" rollover="" name="Jasper" url=""/>
<county normal="" rollover="" name="Clarke" url=""/>
<county normal="" rollover="" name="Jefferson" url=""/>
<county normal="" rollover="" name="Adams" url=""/>
<county normal="" rollover="" name="Franklin" url=""/>
<county normal="" rollover="" name="Lincoln" url=""/>
<county normal="" rollover="" name="Lawrence" url=""/>
<county normal="" rollover="" name="Jefferson Davis" url=""/>
<county normal="" rollover="" name="Covington" url=""/>
<county normal="" rollover="" name="Jones" url=""/>
<county normal="" rollover="" name="Wayne" url=""/>
<county normal="" rollover="" name="Wilkinson" url=""/>
<county normal="" rollover="" name="Amite" url=""/>
<county normal="" rollover="" name="Pike" url=""/>
<county normal="" rollover="" name="Walthall" url=""/>
<county normal="" rollover="" name="Marion" url=""/>
<county normal="" rollover="" name="Lamar" url=""/>
<county normal="" rollover="" name="Forrest" url=""/>
<county normal="" rollover="" name="Perry" url=""/>
<county normal="" rollover="" name="Greene" url=""/>
<county normal="" rollover="" name="Pearl River" url=""/>
<county normal="" rollover="" name="Stone" url=""/>
<county normal="" rollover="" name="George" url=""/>
<county normal="" rollover="" name="Hancock" url=""/>
<county normal="" rollover="" name="Harrison" url=""/>
<county normal="" rollover="" name="Jackson" url=""/>
</map>


