<?xml version="1.0" encoding="utf-8"?>
<map state="Montana" background="" textColor="000000" normal="98ba97" rollover="98ba97" border="ffffff" rollover_sound="false">
<county normal="" rollover="" name="Lincoln" url=""/>
<county normal="" rollover="" name="Flathead" url=""/>
<county normal="" rollover="" name="Glacier" url=""/>
<county normal="" rollover="" name="Pondera" url=""/>
<county normal="" rollover="" name="Toole" url=""/>
<county normal="" rollover="" name="Liberty" url=""/>
<county normal="" rollover="" name="Hill" url=""/>
<county normal="" rollover="" name="Blaine" url=""/>
<county normal="" rollover="" name="Phillips" url=""/>
<county normal="" rollover="" name="Valley" url=""/>
<county normal="" rollover="" name="Daniels" url=""/>
<county normal="" rollover="" name="Roosevelt" url=""/>
<county normal="" rollover="" name="Sheridan" url=""/>
<county normal="" rollover="" name="Sanders" url=""/>
<county normal="" rollover="" name="Lake" url=""/>
<county normal="" rollover="" name="Teton" url=""/>
<county normal="" rollover="" name="Chouteau" url=""/>
<county normal="" rollover="" name="McCone" url=""/>
<county normal="" rollover="" name="Richland" url=""/>
<county normal="" rollover="" name="Mineral" url=""/>
<county normal="" rollover="" name="Missoula" url=""/>
<county normal="" rollover="" name="Powell" url=""/>
<county normal="" rollover="" name="Lewis and Clark" url=""/>
<county normal="" rollover="" name="Cascade" url=""/>
<county normal="" rollover="" name="Judith Basin" url=""/>
<county normal="" rollover="" name="Fergus" url=""/>
<county normal="" rollover="" name="Petroleum" url=""/>
<county normal="" rollover="" name="Garfield" url=""/>
<county normal="" rollover="" name="Dawson" url=""/>
<county normal="" rollover="" name="Prairie" url=""/>
<county normal="" rollover="" name="Wibaux" url=""/>
<county normal="" rollover="" name="Ravalli" url=""/>
<county normal="" rollover="" name="Granite" url=""/>
<county normal="" rollover="" name="Deer Lodge" url=""/>
<county normal="" rollover="" name="Silver Bow" url=""/>
<county normal="" rollover="" name="Jefferson" url=""/>
<county normal="" rollover="" name="Broadwater" url=""/>
<county normal="" rollover="" name="Meagher" url=""/>
<county normal="" rollover="" name="Wheatland" url=""/>
<county normal="" rollover="" name="Golden Valley" url=""/>
<county normal="" rollover="" name="Musselshell" url=""/>
<county normal="" rollover="" name="Rosebud" url=""/>
<county normal="" rollover="" name="Beaverhead" url=""/>
<county normal="" rollover="" name="Madison" url=""/>
<county normal="" rollover="" name="Gallatin" url=""/>
<county normal="" rollover="" name="Park" url=""/>
<county normal="" rollover="" name="Sweet Grass" url=""/>
<county normal="" rollover="" name="Stillwater" url=""/>
<county normal="" rollover="" name="Carbon" url=""/>
<county normal="" rollover="" name="Yellowstone" url=""/>
<county normal="" rollover="" name="Big Horn" url=""/>
<county normal="" rollover="" name="Treasure" url=""/>
<county normal="" rollover="" name="Custer" url=""/>
<county normal="" rollover="" name="Powder River" url=""/>
<county normal="" rollover="" name="Fallon" url=""/>
<county normal="" rollover="" name="Carter" url=""/>
</map>


