<?xml version="1.0" encoding="utf-8"?>
<map state="Nebraska" background="" textColor="000000" normal="98ba97" rollover="98ba97" border="ffffff" rollover_sound="false">
<county normal="" rollover="" name="Sioux" url=""/>
<county normal="" rollover="" name="Scotts Bluff" url=""/>
<county normal="" rollover="" name="Banner" url=""/>
<county normal="" rollover="" name="Kimball" url=""/>
<county normal="" rollover="" name="Dawes" url=""/>
<county normal="" rollover="" name="Box Butte" url=""/>
<county normal="" rollover="" name="Morrill" url=""/>
<county normal="" rollover="" name="Cheyenne" url=""/>
<county normal="" rollover="" name="Sheridan" url=""/>
<county normal="" rollover="" name="Garden" url=""/>
<county normal="" rollover="" name="Deuel" url=""/>
<county normal="" rollover="" name="Cherry" url=""/>
<county normal="" rollover="" name="Keya Paha" url=""/>
<county normal="" rollover="" name="Brown" url=""/>
<county normal="" rollover="" name="Rock" url=""/>
<county normal="" rollover="" name="Boyd" url=""/>
<county normal="" rollover="" name="Holt" url=""/>
<county normal="" rollover="" name="Knox" url=""/>
<county normal="" rollover="" name="Antelope" url=""/>
<county normal="" rollover="" name="Pierce" url=""/>
<county normal="" rollover="" name="Cedar" url=""/>
<county normal="" rollover="" name="Wayne" url=""/>
<county normal="" rollover="" name="Dixon" url=""/>
<county normal="" rollover="" name="Dakota" url=""/>
<county normal="" rollover="" name="Thurston" url=""/>
<county normal="" rollover="" name="Grant" url=""/>
<county normal="" rollover="" name="Hooker" url=""/>
<county normal="" rollover="" name="Thomas" url=""/>
<county normal="" rollover="" name="Blaine" url=""/>
<county normal="" rollover="" name="Loup" url=""/>
<county normal="" rollover="" name="Garfield" url=""/>
<county normal="" rollover="" name="Wheeler" url=""/>
<county normal="" rollover="" name="Madison" url=""/>
<county normal="" rollover="" name="Stanton" url=""/>
<county normal="" rollover="" name="Cuming" url=""/>
<county normal="" rollover="" name="Burt" url=""/>
<county normal="" rollover="" name="Arthur" url=""/>
<county normal="" rollover="" name="McPherson" url=""/>
<county normal="" rollover="" name="Logan" url=""/>
<county normal="" rollover="" name="Custer" url=""/>
<county normal="" rollover="" name="Valley" url=""/>
<county normal="" rollover="" name="Greeley" url=""/>
<county normal="" rollover="" name="Boone" url=""/>
<county normal="" rollover="" name="Nance" url=""/>
<county normal="" rollover="" name="Platte" url=""/>
<county normal="" rollover="" name="Colfax" url=""/>
<county normal="" rollover="" name="Dodge" url=""/>
<county normal="" rollover="" name="Washington" url=""/>
<county normal="" rollover="" name="Keith" url=""/>
<county normal="" rollover="" name="Lincoln" url=""/>
<county normal="" rollover="" name="Sherman" url=""/>
<county normal="" rollover="" name="Howard" url=""/>
<county normal="" rollover="" name="Merrick" url=""/>
<county normal="" rollover="" name="Polk" url=""/>
<county normal="" rollover="" name="Butler" url=""/>
<county normal="" rollover="" name="Saunders" url=""/>
<county normal="" rollover="" name="Douglas" url=""/>
<county normal="" rollover="" name="Sarpy" url=""/>
<county normal="" rollover="" name="Perkins" url=""/>
<county normal="" rollover="" name="Dawson" url=""/>
<county normal="" rollover="" name="Buffalo" url=""/>
<county normal="" rollover="" name="Hall" url=""/>
<county normal="" rollover="" name="Hamilton" url=""/>
<county normal="" rollover="" name="York" url=""/>
<county normal="" rollover="" name="Seward" url=""/>
<county normal="" rollover="" name="Lancaster" url=""/>
<county normal="" rollover="" name="Cass" url=""/>
<county normal="" rollover="" name="Otoe" url=""/>
<county normal="" rollover="" name="Chase" url=""/>
<county normal="" rollover="" name="Hayes" url=""/>
<county normal="" rollover="" name="Frontier" url=""/>
<county normal="" rollover="" name="Gosper" url=""/>
<county normal="" rollover="" name="Phelps" url=""/>
<county normal="" rollover="" name="Kearney" url=""/>
<county normal="" rollover="" name="Adams" url=""/>
<county normal="" rollover="" name="Clay" url=""/>
<county normal="" rollover="" name="Fillmore" url=""/>
<county normal="" rollover="" name="Saline" url=""/>
<county normal="" rollover="" name="Johnson" url=""/>
<county normal="" rollover="" name="Nemaha" url=""/>
<county normal="" rollover="" name="Dundy" url=""/>
<county normal="" rollover="" name="Hitchcock" url=""/>
<county normal="" rollover="" name="Red Willow" url=""/>
<county normal="" rollover="" name="Furnas" url=""/>
<county normal="" rollover="" name="Harlan" url=""/>
<county normal="" rollover="" name="Franklin" url=""/>
<county normal="" rollover="" name="Webster" url=""/>
<county normal="" rollover="" name="Nuckolls" url=""/>
<county normal="" rollover="" name="Thayer" url=""/>
<county normal="" rollover="" name="Jefferson" url=""/>
<county normal="" rollover="" name="Gage" url=""/>
<county normal="" rollover="" name="Pawnee" url=""/>
<county normal="" rollover="" name="Richardson" url=""/>
</map>


