<?xml version="1.0" encoding="utf-8"?>
<map state="Nevada" background="" textColor="000000" normal="98ba97" rollover="98ba97" border="ffffff" rollover_sound="false">
<county normal="" rollover="" name="Humboldt" url=""/>
<county normal="" rollover="" name="Elko" url=""/>
<county normal="" rollover="" name="Washoe" url=""/>
<county normal="" rollover="" name="Pershing" url=""/>
<county normal="" rollover="" name="Lander" url=""/>
<county normal="" rollover="" name="Eureka" url=""/>
<county normal="" rollover="" name="White Pine" url=""/>
<county normal="" rollover="" name="Storey" url=""/>
<county normal="" rollover="" name="Churchill" url=""/>
<county normal="" rollover="" name="Carson City" url=""/>
<county normal="" rollover="" name="Douglas" url=""/>
<county normal="" rollover="" name="Lyon" url=""/>
<county normal="" rollover="" name="Mineral" url=""/>
<county normal="" rollover="" name="Esmeralda" url=""/>
<county normal="" rollover="" name="Nye" url=""/>
<county normal="" rollover="" name="Lincoln" url=""/>
<county normal="" rollover="" name="Clark" url=""/>
</map>


