<?xml version="1.0" encoding="utf-8"?>
<map state="New Jersey" background="" textColor="000000" normal="98ba97" rollover="98ba97" border="ffffff" rollover_sound="false">
<county normal="485748" rollover="485748" name="Sussex" url=""/>
<county normal="" rollover="" name="Warren" url=""/>
<county normal="485748" rollover="485748" name="Morris" url=""/>
<county normal="485748" rollover="485748" name="Passaic" url=""/>
<county normal="485748" rollover="485748" name="Bergen" url=""/>
<county normal="485748" rollover="485748" name="Hunterdon" url=""/>
<county normal="485748" rollover="485748" name="Somerset" url=""/>
<county normal="485748" rollover="485748" name="Essex" url=""/>
<county normal="485748" rollover="485748" name="Union" url=""/>
<county normal="485748" rollover="485748" name="Hudson" url=""/>
<county normal="485748" rollover="485748" name="Mercer" url=""/>
<county normal="485748" rollover="485748" name="Middlesex" url=""/>
<county normal="485748" rollover="485748" name="Monmouth" url=""/>
<county normal="" rollover="" name="Burlington" url=""/>
<county normal="" rollover="" name="Ocean" url=""/>
<county normal="" rollover="" name="Camden" url=""/>
<county normal="" rollover="" name="Gloucester" url=""/>
<county normal="" rollover="" name="Salem" url=""/>
<county normal="" rollover="" name="Cumberland" url=""/>
<county normal="" rollover="" name="Atlantic" url=""/>
<county normal="" rollover="" name="Cape May" url=""/>
</map>


