<?xml version="1.0" encoding="utf-8"?>
<map state="New Hampshire" background="" textColor="000000" normal="98ba97" rollover="98ba97" border="ffffff" rollover_sound="false">
<county normal="" rollover="" name="Coos" url=""/>
<county normal="" rollover="" name="Grafton" url=""/>
<county normal="" rollover="" name="Carroll" url=""/>
<county normal="" rollover="" name="Sullivan" url=""/>
<county normal="" rollover="" name="Merrimack" url=""/>
<county normal="" rollover="" name="Belknap" url=""/>
<county normal="" rollover="" name="Strafford" url=""/>
<county normal="" rollover="" name="Cheshire" url=""/>
<county normal="" rollover="" name="Hillsborough" url=""/>
<county normal="" rollover="" name="Rockingham" url=""/>
</map>


