<?xml version="1.0" encoding="utf-8"?>
<map state="New Mexico" background="" textColor="000000" normal="98ba97" rollover="98ba97" border="ffffff" rollover_sound="false">
<county normal="" rollover="" name="San Juan" url=""/>
<county normal="" rollover="" name="Rio Arriba" url=""/>
<county normal="" rollover="" name="Taos" url=""/>
<county normal="" rollover="" name="Colfax" url=""/>
<county normal="" rollover="" name="Union" url=""/>
<county normal="" rollover="" name="Los Alamos" url=""/>
<county normal="" rollover="" name="Mora" url=""/>
<county normal="" rollover="" name="Harding" url=""/>
<county normal="" rollover="" name="McKinley" url=""/>
<county normal="" rollover="" name="Sandoval" url=""/>
<county normal="" rollover="" name="Santa" url=""/>
<county normal="" rollover="" name="San Miguel" url=""/>
<county normal="" rollover="" name="Cibola" url=""/>
<county normal="" rollover="" name="Bernalillo" url=""/>
<county normal="" rollover="" name="Valencia" url=""/>
<county normal="" rollover="" name="Torrance" url=""/>
<county normal="" rollover="" name="Guadalupe" url=""/>
<county normal="" rollover="" name="Quay" url=""/>
<county normal="" rollover="" name="Curry" url=""/>
<county normal="" rollover="" name="Catron" url=""/>
<county normal="" rollover="" name="Socorro" url=""/>
<county normal="" rollover="" name="Lincoln" url=""/>
<county normal="" rollover="" name="DeBaca" url=""/>
<county normal="" rollover="" name="Chaves" url=""/>
<county normal="" rollover="" name="Roosevelt" url=""/>
<county normal="" rollover="" name="Grant" url=""/>
<county normal="" rollover="" name="Sierra" url=""/>
<county normal="" rollover="" name="Luna" url=""/>
<county normal="" rollover="" name="Dona Ana" url=""/>
<county normal="" rollover="" name="Otero" url=""/>
<county normal="" rollover="" name="Eddy" url=""/>
<county normal="" rollover="" name="Lea" url=""/>
<county normal="" rollover="" name="Hidalgo" url=""/>
</map>


