<?xml version="1.0" encoding="utf-8"?>
<map state="New York" background="000000" textColor="000000" normal="98ba97" rollover="98ba97" border="ffffff" rollover_sound="false">
<county normal="" rollover="" name="Chautauqua" url=""/>
<county normal="" rollover="" name="Niagara" url=""/>
<county normal="" rollover="" name="Erie" url=""/>
<county normal="" rollover="" name="Cattaraugus" url=""/>
<county normal="" rollover="" name="Orleans" url=""/>
<county normal="" rollover="" name="Genesee" url=""/>
<county normal="" rollover="" name="Wyoming" url=""/>
<county normal="" rollover="" name="Allegany" url=""/>
<county normal="" rollover="" name="Monroe" url=""/>
<county normal="" rollover="" name="Livingston" url=""/>
<county normal="" rollover="" name="Ontario" url=""/>
<county normal="" rollover="" name="Steuben" url=""/>
<county normal="" rollover="" name="Wayne" url=""/>
<county normal="" rollover="" name="Seneca" url=""/>
<county normal="" rollover="" name="Yates" url=""/>
<county normal="" rollover="" name="Schuyler" url=""/>
<county normal="" rollover="" name="Chemung" url=""/>
<county normal="" rollover="" name="Cayuga" url=""/>
<county normal="" rollover="" name="Tompkins" url=""/>
<county normal="" rollover="" name="Tioga" url=""/>
<county normal="" rollover="" name="Oswego" url=""/>
<county normal="" rollover="" name="Onondaga" url=""/>
<county normal="" rollover="" name="Cortland" url=""/>
<county normal="" rollover="" name="Broome" url=""/>
<county normal="" rollover="" name="Jefferson" url=""/>
<county normal="" rollover="" name="Lewis" url=""/>
<county normal="" rollover="" name="Oneida" url=""/>
<county normal="" rollover="" name="Madison" url=""/>
<county normal="" rollover="" name="Chenango" url=""/>
<county normal="" rollover="" name="St. Lawrence" url=""/>
<county normal="" rollover="" name="Franklin" url=""/>
<county normal="" rollover="" name="Clinton" url=""/>
<county normal="" rollover="" name="Herkimer" url=""/>
<county normal="" rollover="" name="Hamilton" url=""/>
<county normal="" rollover="" name="Essex" url=""/>
<county normal="" rollover="" name="Warren" url=""/>
<county normal="" rollover="" name="Fulton" url=""/>
<county normal="" rollover="" name="Saratoga" url=""/>
<county normal="" rollover="" name="Washington" url=""/>
<county normal="" rollover="" name="Montgomery" url=""/>
<county normal="" rollover="" name="Schenectady" url=""/>
<county normal="" rollover="" name="Otsego" url=""/>
<county normal="" rollover="" name="Schoharie" url=""/>
<county normal="" rollover="" name="Albany" url=""/>
<county normal="" rollover="" name="Rensselaer" url=""/>
<county normal="" rollover="" name="Delaware" url=""/>
<county normal="" rollover="" name="Greene" url=""/>
<county normal="" rollover="" name="Columbia" url=""/>
<county normal="" rollover="" name="Sullivan" url=""/>
<county normal="485748" rollover="485748" name="Ulster" url=""/>
<county normal="485748" rollover="485748" name="Dutchess" url=""/>
<county normal="485748" rollover="485748" name="Orange" url=""/>
<county normal="485748" rollover="485748" name="Putnam" url=""/>
<county normal="485748" rollover="485748" name="Rockland" url=""/>
<county normal="485748" rollover="485748" name="Westchester" url=""/>
<county normal="485748" rollover="485748" name="Bronx" url=""/>
<county normal="485748" rollover="485748" name="New York" url=""/>
<county normal="485748" rollover="485748" name="Queens" url=""/>
<county normal="485748" rollover="485748" name="Kings" url=""/>
<county normal="485748" rollover="485748" name="Richmond" url=""/>
<county normal="485748" rollover="485748" name="Nassau" url=""/>
<county normal="485748" rollover="485748" name="Suffolk" url=""/>
</map>


