<?xml version="1.0" encoding="utf-8"?>
<map state="North Dakota" background="" textColor="000000" normal="98ba97" rollover="98ba97" border="ffffff" rollover_sound="false">
<county normal="" rollover="" name="Divide" url=""/>
<county normal="" rollover="" name="Burke" url=""/>
<county normal="" rollover="" name="Renville" url=""/>
<county normal="" rollover="" name="Bottineau" url=""/>
<county normal="" rollover="" name="Rolette" url=""/>
<county normal="" rollover="" name="Towner" url=""/>
<county normal="" rollover="" name="Cavalier" url=""/>
<county normal="" rollover="" name="Pembina" url=""/>
<county normal="" rollover="" name="Williams" url=""/>
<county normal="" rollover="" name="Mountrail" url=""/>
<county normal="" rollover="" name="Ward" url=""/>
<county normal="" rollover="" name="McHenry" url=""/>
<county normal="" rollover="" name="Pierce" url=""/>
<county normal="" rollover="" name="Benson" url=""/>
<county normal="" rollover="" name="Ramsey" url=""/>
<county normal="" rollover="" name="Walsh" url=""/>
<county normal="" rollover="" name="McKenzie" url=""/>
<county normal="" rollover="" name="Dunn" url=""/>
<county normal="" rollover="" name="McLean" url=""/>
<county normal="" rollover="" name="Mercer" url=""/>
<county normal="" rollover="" name="Oliver" url=""/>
<county normal="" rollover="" name="Sheridan" url=""/>
<county normal="" rollover="" name="Wells" url=""/>
<county normal="" rollover="" name="Eddy" url=""/>
<county normal="" rollover="" name="Foster" url=""/>
<county normal="" rollover="" name="Nelson" url=""/>
<county normal="" rollover="" name="Griggs" url=""/>
<county normal="" rollover="" name="Steele" url=""/>
<county normal="" rollover="" name="Grand Forks" url=""/>
<county normal="" rollover="" name="Traill" url=""/>
<county normal="" rollover="" name="Golden Valley" url=""/>
<county normal="" rollover="" name="Billings" url=""/>
<county normal="" rollover="" name="Stark" url=""/>
<county normal="" rollover="" name="Morton" url=""/>
<county normal="" rollover="" name="Burleigh" url=""/>
<county normal="" rollover="" name="Kidder" url=""/>
<county normal="" rollover="" name="Stutsman" url=""/>
<county normal="" rollover="" name="Barnes" url=""/>
<county normal="" rollover="" name="Cass" url=""/>
<county normal="" rollover="" name="Slope" url=""/>
<county normal="" rollover="" name="Hettinger" url=""/>
<county normal="" rollover="" name="Grant" url=""/>
<county normal="" rollover="" name="Logan" url=""/>
<county normal="" rollover="" name="LaMoure" url=""/>
<county normal="" rollover="" name="Ransom" url=""/>
<county normal="" rollover="" name="Bowman" url=""/>
<county normal="" rollover="" name="Adams" url=""/>
<county normal="" rollover="" name="Sioux" url=""/>
<county normal="" rollover="" name="Emmons" url=""/>
<county normal="" rollover="" name="McIntosh" url=""/>
<county normal="" rollover="" name="Dickey" url=""/>
<county normal="" rollover="" name="Sargent" url=""/>
<county normal="" rollover="" name="Richland" url=""/>
</map>


