<?xml version="1.0" encoding="utf-8"?>
<map state="North Carolina" background="" textColor="000000" normal="98ba97" rollover="98ba97" border="ffffff" rollover_sound="false">
<county normal="" rollover="" name="Graham" url=""/>
<county normal="" rollover="" name="Cherokee" url=""/>
<county normal="" rollover="" name="Clay" url=""/>
<county normal="" rollover="" name="Swain" url=""/>
<county normal="" rollover="" name="Macon" url=""/>
<county normal="" rollover="" name="Jackson" url=""/>
<county normal="" rollover="" name="Haywood" url=""/>
<county normal="" rollover="" name="Transylvania" url=""/>
<county normal="" rollover="" name="Madison" url=""/>
<county normal="" rollover="" name="Buncombe" url=""/>
<county normal="" rollover="" name="Henderson" url=""/>
<county normal="" rollover="" name="Mitchell" url=""/>
<county normal="" rollover="" name="Yancey" url=""/>
<county normal="" rollover="" name="McDowell" url=""/>
<county normal="" rollover="" name="Rutherford" url=""/>
<county normal="" rollover="" name="Polk" url=""/>
<county normal="" rollover="" name="Avery" url=""/>
<county normal="" rollover="" name="Burke" url=""/>
<county normal="" rollover="" name="Cleveland" url=""/>
<county normal="" rollover="" name="Watauga" url=""/>
<county normal="" rollover="" name="Caldwell" url=""/>
<county normal="" rollover="" name="Catawba" url=""/>
<county normal="" rollover="" name="Lincoln" url=""/>
<county normal="" rollover="" name="Gaston" url=""/>
<county normal="" rollover="" name="Ashe" url=""/>
<county normal="" rollover="" name="Wilkes" url=""/>
<county normal="" rollover="" name="Alexander" url=""/>
<county normal="" rollover="" name="Iredell" url=""/>
<county normal="" rollover="" name="Mecklenburg" url=""/>
<county normal="" rollover="" name="Alleghany" url=""/>
<county normal="" rollover="" name="Surry" url=""/>
<county normal="" rollover="" name="Yadkin" url=""/>
<county normal="" rollover="" name="Davie" url=""/>
<county normal="" rollover="" name="Rowan" url=""/>
<county normal="" rollover="" name="Cabarrus" url=""/>
<county normal="" rollover="" name="Stanly" url=""/>
<county normal="" rollover="" name="Union" url=""/>
<county normal="" rollover="" name="Stokes" url=""/>
<county normal="" rollover="" name="Forsyth" url=""/>
<county normal="" rollover="" name="Davidson" url=""/>
<county normal="" rollover="" name="Anson" url=""/>
<county normal="" rollover="" name="Rockingham" url=""/>
<county normal="" rollover="" name="Guilford" url=""/>
<county normal="" rollover="" name="Randolph" url=""/>
<county normal="" rollover="" name="Montgomery" url=""/>
<county normal="" rollover="" name="Richmond" url=""/>
<county normal="" rollover="" name="Caswell" url=""/>
<county normal="" rollover="" name="Alamance" url=""/>
<county normal="" rollover="" name="Chatham" url=""/>
<county normal="" rollover="" name="Moore" url=""/>
<county normal="" rollover="" name="Lee" url=""/>
<county normal="" rollover="" name="Hoke" url=""/>
<county normal="" rollover="" name="Scotland" url=""/>
<county normal="" rollover="" name="Person" url=""/>
<county normal="" rollover="" name="Orange" url=""/>
<county normal="" rollover="" name="Durham" url=""/>
<county normal="" rollover="" name="Granville" url=""/>
<county normal="" rollover="" name="Wake" url=""/>
<county normal="" rollover="" name="Harnett" url=""/>
<county normal="" rollover="" name="Cumberland" url=""/>
<county normal="" rollover="" name="Robeson" url=""/>
<county normal="" rollover="" name="Vance" url=""/>
<county normal="" rollover="" name="Franklin" url=""/>
<county normal="" rollover="" name="Johnston" url=""/>
<county normal="" rollover="" name="Sampson" url=""/>
<county normal="" rollover="" name="Bladen" url=""/>
<county normal="" rollover="" name="Columbus" url=""/>
<county normal="" rollover="" name="Brunswick" url=""/>
<county normal="" rollover="" name="Warren" url=""/>
<county normal="" rollover="" name="Nash" url=""/>
<county normal="" rollover="" name="Wilson" url=""/>
<county normal="" rollover="" name="Wayne" url=""/>
<county normal="" rollover="" name="Duplin" url=""/>
<county normal="" rollover="" name="Pender" url=""/>
<county normal="" rollover="" name="New Hanover" url=""/>
<county normal="" rollover="" name="Northampton" url=""/>
<county normal="" rollover="" name="Halifax" url=""/>
<county normal="" rollover="" name="Edgecombe" url=""/>
<county normal="" rollover="" name="Pitt" url=""/>
<county normal="" rollover="" name="Greene" url=""/>
<county normal="" rollover="" name="Lenoir" url=""/>
<county normal="" rollover="" name="Craven" url=""/>
<county normal="" rollover="" name="Jones" url=""/>
<county normal="" rollover="" name="Onslow" url=""/>
<county normal="" rollover="" name="Gates" url=""/>
<county normal="" rollover="" name="Hertford" url=""/>
<county normal="" rollover="" name="Bertie" url=""/>
<county normal="" rollover="" name="Martin" url=""/>
<county normal="" rollover="" name="Beaufort" url=""/>
<county normal="" rollover="" name="Pamlico" url=""/>
<county normal="" rollover="" name="Carteret" url=""/>
<county normal="" rollover="" name="Currituck" url=""/>
<county normal="" rollover="" name="Camden" url=""/>
<county normal="" rollover="" name="Pasquotank" url=""/>
<county normal="" rollover="" name="Perquimans" url=""/>
<county normal="" rollover="" name="Chowan" url=""/>
<county normal="" rollover="" name="Washington" url=""/>
<county normal="" rollover="" name="Tyrrell" url=""/>
<county normal="" rollover="" name="Dare" url=""/>
<county normal="" rollover="" name="Hyde" url=""/>
</map>


