<?xml version="1.0" encoding="utf-8"?>
<map state="Ohio" background="" textColor="000000" normal="98ba97" rollover="98ba97" border="ffffff" rollover_sound="false">
<county normal="" rollover="" name="Williams" url=""/>
<county normal="" rollover="" name="Defiance" url=""/>
<county normal="" rollover="" name="Paulding" url=""/>
<county normal="" rollover="" name="Van Wert" url=""/>
<county normal="" rollover="" name="Mercer" url=""/>
<county normal="" rollover="" name="Darke" url=""/>
<county normal="" rollover="" name="Preble" url=""/>
<county normal="" rollover="" name="Butler" url=""/>
<county normal="" rollover="" name="Hamilton" url=""/>
<county normal="" rollover="" name="Fulton" url=""/>
<county normal="" rollover="" name="Henry" url=""/>
<county normal="" rollover="" name="Putnam" url=""/>
<county normal="" rollover="" name="Allen" url=""/>
<county normal="" rollover="" name="Auglaize" url=""/>
<county normal="" rollover="" name="Shelby" url=""/>
<county normal="" rollover="" name="Miami" url=""/>
<county normal="" rollover="" name="Montgomery" url=""/>
<county normal="" rollover="" name="Warren" url=""/>
<county normal="" rollover="" name="Clermont" url=""/>
<county normal="" rollover="" name="Lucas" url=""/>
<county normal="" rollover="" name="Wood" url=""/>
<county normal="" rollover="" name="Hancock" url=""/>
<county normal="" rollover="" name="Hardin" url=""/>
<county normal="" rollover="" name="Logan" url=""/>
<county normal="" rollover="" name="Champaign" url=""/>
<county normal="" rollover="" name="Clark" url=""/>
<county normal="" rollover="" name="Greene" url=""/>
<county normal="" rollover="" name="Clinton" url=""/>
<county normal="" rollover="" name="Brown" url=""/>
<county normal="" rollover="" name="Union" url=""/>
<county normal="" rollover="" name="Madison" url=""/>
<county normal="" rollover="" name="Fayette" url=""/>
<county normal="" rollover="" name="Highland" url=""/>
<county normal="" rollover="" name="Adams" url=""/>
<county normal="" rollover="" name="Ottawa" url=""/>
<county normal="" rollover="" name="Sandusky" url=""/>
<county normal="" rollover="" name="Seneca" url=""/>
<county normal="" rollover="" name="Wyandot" url=""/>
<county normal="" rollover="" name="Crawford" url=""/>
<county normal="" rollover="" name="Marion" url=""/>
<county normal="" rollover="" name="Morrow" url=""/>
<county normal="" rollover="" name="Delaware" url=""/>
<county normal="" rollover="" name="Franklin" url=""/>
<county normal="" rollover="" name="Pickaway" url=""/>
<county normal="" rollover="" name="Ross" url=""/>
<county normal="" rollover="" name="Pike" url=""/>
<county normal="" rollover="" name="Scioto" url=""/>
<county normal="" rollover="" name="Erie" url=""/>
<county normal="" rollover="" name="Lorain" url=""/>
<county normal="" rollover="" name="Huron" url=""/>
<county normal="" rollover="" name="Richland" url=""/>
<county normal="" rollover="" name="Ashland" url=""/>
<county normal="" rollover="" name="Knox" url=""/>
<county normal="" rollover="" name="Licking" url=""/>
<county normal="" rollover="" name="Fairfield" url=""/>
<county normal="" rollover="" name="Perry" url=""/>
<county normal="" rollover="" name="Hocking" url=""/>
<county normal="" rollover="" name="Vinton" url=""/>
<county normal="" rollover="" name="Jackson" url=""/>
<county normal="" rollover="" name="Gallia" url=""/>
<county normal="" rollover="" name="Lawrence" url=""/>
<county normal="" rollover="" name="Cuyahoga" url=""/>
<county normal="" rollover="" name="Medina" url=""/>
<county normal="" rollover="" name="Summit" url=""/>
<county normal="" rollover="" name="Wayne" url=""/>
<county normal="" rollover="" name="Holmes" url=""/>
<county normal="" rollover="" name="Coshocton" url=""/>
<county normal="" rollover="" name="Muskingum" url=""/>
<county normal="" rollover="" name="Morgan" url=""/>
<county normal="" rollover="" name="Athens" url=""/>
<county normal="" rollover="" name="Meigs" url=""/>
<county normal="" rollover="" name="Lake" url=""/>
<county normal="" rollover="" name="Geauga" url=""/>
<county normal="" rollover="" name="Portage" url=""/>
<county normal="" rollover="" name="Stark" url=""/>
<county normal="" rollover="" name="Tuscarawas" url=""/>
<county normal="" rollover="" name="Guernsey" url=""/>
<county normal="" rollover="" name="Noble" url=""/>
<county normal="" rollover="" name="Washington" url=""/>
<county normal="" rollover="" name="Ashtabula" url=""/>
<county normal="" rollover="" name="Trumbull" url=""/>
<county normal="" rollover="" name="Mahoning" url=""/>
<county normal="" rollover="" name="Columbiana" url=""/>
<county normal="" rollover="" name="Carroll" url=""/>
<county normal="" rollover="" name="Jefferson" url=""/>
<county normal="" rollover="" name="Harrison" url=""/>
<county normal="" rollover="" name="Belmont" url=""/>
<county normal="" rollover="" name="Monroe" url=""/>
</map>


