<?xml version="1.0" encoding="utf-8"?>
<map state="Oklahoma" background="" textColor="000000" normal="98ba97" rollover="98ba97" border="ffffff" rollover_sound="false">
<county normal="" rollover="" name="Cimarron" url=""/>
<county normal="" rollover="" name="Texas" url=""/>
<county normal="" rollover="" name="Beaver" url=""/>
<county normal="" rollover="" name="Harper" url=""/>
<county normal="" rollover="" name="Woods" url=""/>
<county normal="" rollover="" name="Alfalfa" url=""/>
<county normal="" rollover="" name="Grant" url=""/>
<county normal="" rollover="" name="Kay" url=""/>
<county normal="" rollover="" name="Osage" url=""/>
<county normal="" rollover="" name="Washington" url=""/>
<county normal="" rollover="" name="Nowata" url=""/>
<county normal="" rollover="" name="Craig" url=""/>
<county normal="" rollover="" name="Ottawa" url=""/>
<county normal="" rollover="" name="Ellis" url=""/>
<county normal="" rollover="" name="Woodward" url=""/>
<county normal="" rollover="" name="Major" url=""/>
<county normal="" rollover="" name="Garfield" url=""/>
<county normal="" rollover="" name="Noble" url=""/>
<county normal="" rollover="" name="Pawnee" url=""/>
<county normal="" rollover="" name="Rogers" url=""/>
<county normal="" rollover="" name="Mayes" url=""/>
<county normal="" rollover="" name="Delaware" url=""/>
<county normal="" rollover="" name="Roger Mills" url=""/>
<county normal="" rollover="" name="Dewey" url=""/>
<county normal="" rollover="" name="Blaine" url=""/>
<county normal="" rollover="" name="Kingfisher" url=""/>
<county normal="" rollover="" name="Logan" url=""/>
<county normal="" rollover="" name="Payne" url=""/>
<county normal="" rollover="" name="Creek" url=""/>
<county normal="" rollover="" name="Tulsa" url=""/>
<county normal="" rollover="" name="Wagoner" url=""/>
<county normal="" rollover="" name="Cherokee" url=""/>
<county normal="" rollover="" name="Adair" url=""/>
<county normal="" rollover="" name="Custer" url=""/>
<county normal="" rollover="" name="Canadian" url=""/>
<county normal="" rollover="" name="Oklahoma" url=""/>
<county normal="" rollover="" name="Lincoln" url=""/>
<county normal="" rollover="" name="Okfuskee" url=""/>
<county normal="" rollover="" name="Okmulgee" url=""/>
<county normal="" rollover="" name="Muskogee" url=""/>
<county normal="" rollover="" name="Sequoyah" url=""/>
<county normal="" rollover="" name="Beckham" url=""/>
<county normal="" rollover="" name="Washita" url=""/>
<county normal="" rollover="" name="Caddo" url=""/>
<county normal="" rollover="" name="Cleveland" url=""/>
<county normal="" rollover="" name="Pottawatomie" url=""/>
<county normal="" rollover="" name="Seminole" url=""/>
<county normal="" rollover="" name="McIntosh" url=""/>
<county normal="" rollover="" name="Haskell" url=""/>
<county normal="" rollover="" name="Greer" url=""/>
<county normal="" rollover="" name="Kiowa" url=""/>
<county normal="" rollover="" name="Grady" url=""/>
<county normal="" rollover="" name="McClain" url=""/>
<county normal="" rollover="" name="Hughes" url=""/>
<county normal="" rollover="" name="Pittsburg" url=""/>
<county normal="" rollover="" name="Latimer" url=""/>
<county normal="" rollover="" name="Le Flore" url=""/>
<county normal="" rollover="" name="Harmon" url=""/>
<county normal="" rollover="" name="Jackson" url=""/>
<county normal="" rollover="" name="Comanche" url=""/>
<county normal="" rollover="" name="Stephens" url=""/>
<county normal="" rollover="" name="Garvin" url=""/>
<county normal="" rollover="" name="Pontotoc" url=""/>
<county normal="" rollover="" name="Murray" url=""/>
<county normal="" rollover="" name="Coal" url=""/>
<county normal="" rollover="" name="Carter" url=""/>
<county normal="" rollover="" name="Johnston" url=""/>
<county normal="" rollover="" name="Atoka" url=""/>
<county normal="" rollover="" name="Pushmataha" url=""/>
<county normal="" rollover="" name="Tillman" url=""/>
<county normal="" rollover="" name="Cotton" url=""/>
<county normal="" rollover="" name="Jefferson" url=""/>
<county normal="" rollover="" name="Love" url=""/>
<county normal="" rollover="" name="Marshall" url=""/>
<county normal="" rollover="" name="Bryan" url=""/>
<county normal="" rollover="" name="Choctaw" url=""/>
<county normal="" rollover="" name="McCurtain" url=""/>
</map>


