<?xml version="1.0" encoding="utf-8"?>
<map state="Oregon" background="" textColor="000000" normal="98ba97" rollover="98ba97" border="ffffff" rollover_sound="false">
<county normal="" rollover="" name="Clatsop" url=""/>
<county normal="" rollover="" name="Columbia" url=""/>
<county normal="" rollover="" name="Tillamook" url=""/>
<county normal="" rollover="" name="Washington" url=""/>
<county normal="" rollover="" name="Yamhill" url=""/>
<county normal="" rollover="" name="Multnomah" url=""/>
<county normal="" rollover="" name="Clackamas" url=""/>
<county normal="" rollover="" name="Hood River" url=""/>
<county normal="" rollover="" name="Wasco" url=""/>
<county normal="" rollover="" name="Sherman" url=""/>
<county normal="" rollover="" name="Gilliam" url=""/>
<county normal="" rollover="" name="Morrow" url=""/>
<county normal="" rollover="" name="Umatilla" url=""/>
<county normal="" rollover="" name="Union" url=""/>
<county normal="" rollover="" name="Wallowa" url=""/>
<county normal="" rollover="" name="Polk" url=""/>
<county normal="" rollover="" name="Marion" url=""/>
<county normal="" rollover="" name="Lincoln" url=""/>
<county normal="" rollover="" name="Benton" url=""/>
<county normal="" rollover="" name="Linn" url=""/>
<county normal="" rollover="" name="Jefferson" url=""/>
<county normal="" rollover="" name="Wheeler" url=""/>
<county normal="" rollover="" name="Grant" url=""/>
<county normal="" rollover="" name="Baker" url=""/>
<county normal="" rollover="" name="Lane" url=""/>
<county normal="" rollover="" name="Deschutes" url=""/>
<county normal="" rollover="" name="Crook" url=""/>
<county normal="" rollover="" name="Coos" url=""/>
<county normal="" rollover="" name="Douglas" url=""/>
<county normal="" rollover="" name="Curry" url=""/>
<county normal="" rollover="" name="Josephine" url=""/>
<county normal="" rollover="" name="Jackson" url=""/>
<county normal="" rollover="" name="Klamath" url=""/>
<county normal="" rollover="" name="Lake" url=""/>
<county normal="" rollover="" name="Harney" url=""/>
<county normal="" rollover="" name="Malheur" url=""/>
</map>


