<?xml version="1.0" encoding="utf-8"?>
<map state="Pennsylvania" background="" textColor="000000" normal="98ba97" rollover="98ba97" border="ffffff" rollover_sound="false">
<county normal="" rollover="" name="Erie" url=""/>
<county normal="" rollover="" name="Crawford" url=""/>
<county normal="" rollover="" name="Warren" url=""/>
<county normal="" rollover="" name="Mc Kean" url=""/>
<county normal="" rollover="" name="Potter" url=""/>
<county normal="" rollover="" name="Tioga" url=""/>
<county normal="" rollover="" name="Bradford" url=""/>
<county normal="" rollover="" name="Susquehanna" url=""/>
<county normal="" rollover="" name="Mercer" url=""/>
<county normal="" rollover="" name="Venango" url=""/>
<county normal="" rollover="" name="Forest" url=""/>
<county normal="" rollover="" name="Elk" url=""/>
<county normal="" rollover="" name="Cameron" url=""/>
<county normal="" rollover="" name="Clinton" url=""/>
<county normal="" rollover="" name="Lycoming" url=""/>
<county normal="" rollover="" name="Sullivan" url=""/>
<county normal="" rollover="" name="Wyoming" url=""/>
<county normal="" rollover="" name="Lackawanna" url=""/>
<county normal="" rollover="" name="Wayne" url=""/>
<county normal="485748" rollover="485748" name="Pike" url=""/>
<county normal="" rollover="" name="Lawrence" url=""/>
<county normal="" rollover="" name="Clarion" url=""/>
<county normal="" rollover="" name="Jefferson" url=""/>
<county normal="" rollover="" name="Luzerne" url=""/>
<county normal="" rollover="" name="Monroe" url=""/>
<county normal="" rollover="" name="Beaver" url=""/>
<county normal="" rollover="" name="Butler" url=""/>
<county normal="" rollover="" name="Armstrong" url=""/>
<county normal="" rollover="" name="Clearfield" url=""/>
<county normal="" rollover="" name="Centre" url=""/>
<county normal="" rollover="" name="Union" url=""/>
<county normal="" rollover="" name="Montour" url=""/>
<county normal="" rollover="" name="Columbia" url=""/>
<county normal="" rollover="" name="Allegheny" url=""/>
<county normal="" rollover="" name="Indiana" url=""/>
<county normal="" rollover="" name="Cambria" url=""/>
<county normal="" rollover="" name="Blair" url=""/>
<county normal="" rollover="" name="Mifflin" url=""/>
<county normal="" rollover="" name="Snyder" url=""/>
<county normal="" rollover="" name="Northumberland" url=""/>
<county normal="" rollover="" name="Carbon" url=""/>
<county normal="" rollover="" name="Northampton" url=""/>
<county normal="" rollover="" name="Washington" url=""/>
<county normal="" rollover="" name="Westmoreland" url=""/>
<county normal="" rollover="" name="Huntingdon" url=""/>
<county normal="" rollover="" name="Juniata" url=""/>
<county normal="" rollover="" name="Perry" url=""/>
<county normal="" rollover="" name="Cumberland" url=""/>
<county normal="" rollover="" name="Dauphin" url=""/>
<county normal="" rollover="" name="Schuylkill" url=""/>
<county normal="" rollover="" name="Lebanon" url=""/>
<county normal="" rollover="" name="Berks" url=""/>
<county normal="" rollover="" name="Lehigh" url=""/>
<county normal="" rollover="" name="Montgomery" url=""/>
<county normal="" rollover="" name="Bucks" url=""/>
<county normal="" rollover="" name="Greene" url=""/>
<county normal="" rollover="" name="Fayette" url=""/>
<county normal="" rollover="" name="Somerset" url=""/>
<county normal="" rollover="" name="Bedford" url=""/>
<county normal="" rollover="" name="Fulton" url=""/>
<county normal="" rollover="" name="Franklin" url=""/>
<county normal="" rollover="" name="Adams" url=""/>
<county normal="" rollover="" name="York" url=""/>
<county normal="" rollover="" name="Lancaster" url=""/>
<county normal="" rollover="" name="Chester" url=""/>
<county normal="" rollover="" name="Delaware" url=""/>
<county normal="" rollover="" name="Philadelphia" url=""/>
</map>


