<?xml version="1.0" encoding="utf-8"?>
<map state="South Dakota" background="" textColor="000000" normal="98ba97" rollover="98ba97" border="ffffff" rollover_sound="false">
<county normal="" rollover="" name="Harding" url=""/>
<county normal="" rollover="" name="Perkins" url=""/>
<county normal="" rollover="" name="Corson" url=""/>
<county normal="" rollover="" name="Campbell" url=""/>
<county normal="" rollover="" name="Walworth" url=""/>
<county normal="" rollover="" name="McPherson" url=""/>
<county normal="" rollover="" name="Edmunds" url=""/>
<county normal="" rollover="" name="Brown" url=""/>
<county normal="" rollover="" name="Marshall" url=""/>
<county normal="" rollover="" name="Day" url=""/>
<county normal="" rollover="" name="Roberts" url=""/>
<county normal="" rollover="" name="Grant" url=""/>
<county normal="" rollover="" name="Butte" url=""/>
<county normal="" rollover="" name="Lawrence" url=""/>
<county normal="" rollover="" name="Meade" url=""/>
<county normal="" rollover="" name="Ziebach" url=""/>
<county normal="" rollover="" name="Haakon" url=""/>
<county normal="" rollover="" name="Dewey" url=""/>
<county normal="" rollover="" name="Stanley" url=""/>
<county normal="" rollover="" name="Potter" url=""/>
<county normal="" rollover="" name="Sully" url=""/>
<county normal="" rollover="" name="Hughes" url=""/>
<county normal="" rollover="" name="Hyde" url=""/>
<county normal="" rollover="" name="Faulk" url=""/>
<county normal="" rollover="" name="Hand" url=""/>
<county normal="" rollover="" name="Spink" url=""/>
<county normal="" rollover="" name="Beadle" url=""/>
<county normal="" rollover="" name="Clark" url=""/>
<county normal="" rollover="" name="Kingsbury" url=""/>
<county normal="" rollover="" name="Codington" url=""/>
<county normal="" rollover="" name="Hamlin" url=""/>
<county normal="" rollover="" name="Deuel" url=""/>
<county normal="" rollover="" name="Brookings" url=""/>
<county normal="" rollover="" name="Pennington" url=""/>
<county normal="" rollover="" name="Jones" url=""/>
<county normal="" rollover="" name="Lyman" url=""/>
<county normal="" rollover="" name="Buffalo" url=""/>
<county normal="" rollover="" name="Brule" url=""/>
<county normal="" rollover="" name="Jerauld" url=""/>
<county normal="" rollover="" name="Aurora" url=""/>
<county normal="" rollover="" name="Sanborn" url=""/>
<county normal="" rollover="" name="Davison" url=""/>
<county normal="" rollover="" name="Miner" url=""/>
<county normal="" rollover="" name="Hanson" url=""/>
<county normal="" rollover="" name="Lake" url=""/>
<county normal="" rollover="" name="McCook" url=""/>
<county normal="" rollover="" name="Moody" url=""/>
<county normal="" rollover="" name="Minnehaha" url=""/>
<county normal="" rollover="" name="Custer" url=""/>
<county normal="" rollover="" name="Jackson" url=""/>
<county normal="" rollover="" name="Mellette" url=""/>
<county normal="" rollover="" name="Douglas" url=""/>
<county normal="" rollover="" name="Hutchinson" url=""/>
<county normal="" rollover="" name="Turner" url=""/>
<county normal="" rollover="" name="Lincoln" url=""/>
<county normal="" rollover="" name="Fall River" url=""/>
<county normal="" rollover="" name="Shannon" url=""/>
<county normal="" rollover="" name="Bennett" url=""/>
<county normal="" rollover="" name="Todd" url=""/>
<county normal="" rollover="" name="Tripp" url=""/>
<county normal="" rollover="" name="Gregory" url=""/>
<county normal="" rollover="" name="Charles Mix" url=""/>
<county normal="" rollover="" name="Bon Homme" url=""/>
<county normal="" rollover="" name="Yankton" url=""/>
<county normal="" rollover="" name="Clay" url=""/>
<county normal="" rollover="" name="Union" url=""/>
</map>


