<?xml version="1.0" encoding="utf-8"?>
<map state="South Carolina" background="" textColor="000000" normal="98ba97" rollover="98ba97" border="ffffff" rollover_sound="false">
<county normal="" rollover="" name="Oconee" url=""/>
<county normal="" rollover="" name="Pickens" url=""/>
<county normal="" rollover="" name="Greenville" url=""/>
<county normal="" rollover="" name="Spartanburg" url=""/>
<county normal="" rollover="" name="Cherokee" url=""/>
<county normal="" rollover="" name="York" url=""/>
<county normal="" rollover="" name="Anderson" url=""/>
<county normal="" rollover="" name="Laurens" url=""/>
<county normal="" rollover="" name="Union" url=""/>
<county normal="" rollover="" name="Chester" url=""/>
<county normal="" rollover="" name="Lancaster" url=""/>
<county normal="" rollover="" name="Chesterfield" url=""/>
<county normal="" rollover="" name="Marlboro" url=""/>
<county normal="" rollover="" name="Abbeville" url=""/>
<county normal="" rollover="" name="Greenwood" url=""/>
<county normal="" rollover="" name="Newberry" url=""/>
<county normal="" rollover="" name="Fairfield" url=""/>
<county normal="" rollover="" name="Kershaw" url=""/>
<county normal="" rollover="" name="Lee" url=""/>
<county normal="" rollover="" name="Darlington" url=""/>
<county normal="" rollover="" name="Dillon" url=""/>
<county normal="" rollover="" name="McCormick" url=""/>
<county normal="" rollover="" name="Edgefield" url=""/>
<county normal="" rollover="" name="Saluda" url=""/>
<county normal="" rollover="" name="Lexington" url=""/>
<county normal="" rollover="" name="Richland" url=""/>
<county normal="" rollover="" name="Sumter" url=""/>
<county normal="" rollover="" name="Florence" url=""/>
<county normal="" rollover="" name="Marion" url=""/>
<county normal="" rollover="" name="Horry" url=""/>
<county normal="" rollover="" name="Aiken" url=""/>
<county normal="" rollover="" name="Orangeburg" url=""/>
<county normal="" rollover="" name="Calhoun" url=""/>
<county normal="" rollover="" name="Clarendon" url=""/>
<county normal="" rollover="" name="Williamsburg" url=""/>
<county normal="" rollover="" name="Georgetown" url=""/>
<county normal="" rollover="" name="Barnwell" url=""/>
<county normal="" rollover="" name="Bamberg" url=""/>
<county normal="" rollover="" name="Dorchester" url=""/>
<county normal="" rollover="" name="Berkeley" url=""/>
<county normal="" rollover="" name="Allendale" url=""/>
<county normal="" rollover="" name="Colleton" url=""/>
<county normal="" rollover="" name="Hampton" url=""/>
<county normal="" rollover="" name="Charleston" url=""/>
<county normal="" rollover="" name="Jasper" url=""/>
<county normal="" rollover="" name="Beaufort" url=""/>
</map>


