<?xml version="1.0" encoding="utf-8"?>
<map state="Tennessee" background="" textColor="000000" normal="98ba97" rollover="98ba97" border="ffffff" rollover_sound="false">
<county normal="" rollover="" name="Lake" url=""/>
<county normal="" rollover="" name="Obion" url=""/>
<county normal="" rollover="" name="Weakley" url=""/>
<county normal="" rollover="" name="Henry" url=""/>
<county normal="" rollover="" name="Stewart" url=""/>
<county normal="" rollover="" name="Montgomery" url=""/>
<county normal="" rollover="" name="Robertson" url=""/>
<county normal="" rollover="" name="Sumner" url=""/>
<county normal="" rollover="" name="Trousdale" url=""/>
<county normal="" rollover="" name="Macon" url=""/>
<county normal="" rollover="" name="Clay" url=""/>
<county normal="" rollover="" name="Pickett" url=""/>
<county normal="" rollover="" name="Scott" url=""/>
<county normal="" rollover="" name="Campbell" url=""/>
<county normal="" rollover="" name="Claiborne" url=""/>
<county normal="" rollover="" name="Hancock" url=""/>
<county normal="" rollover="" name="Hawkins" url=""/>
<county normal="" rollover="" name="Sullivan" url=""/>
<county normal="" rollover="" name="Johnson" url=""/>
<county normal="" rollover="" name="Dyer" url=""/>
<county normal="" rollover="" name="Gibson" url=""/>
<county normal="" rollover="" name="Carroll" url=""/>
<county normal="" rollover="" name="Benton" url=""/>
<county normal="" rollover="" name="Houston" url=""/>
<county normal="" rollover="" name="Dickson" url=""/>
<county normal="" rollover="" name="Cheatham" url=""/>
<county normal="" rollover="" name="Davidson" url=""/>
<county normal="" rollover="" name="Wilson" url=""/>
<county normal="" rollover="" name="Smith" url=""/>
<county normal="" rollover="" name="Overton" url=""/>
<county normal="" rollover="" name="FentressJackson" url=""/>
<county normal="" rollover="" name="Morgan" url=""/>
<county normal="" rollover="" name="Anderson" url=""/>
<county normal="" rollover="" name="Union" url=""/>
<county normal="" rollover="" name="Grainger" url=""/>
<county normal="" rollover="" name="Hamblen" url=""/>
<county normal="" rollover="" name="Washington" url=""/>
<county normal="" rollover="" name="Carter" url=""/>
<county normal="" rollover="" name="Lauderdale" url=""/>
<county normal="" rollover="" name="Crockett" url=""/>
<county normal="" rollover="" name="Humphreys" url=""/>
<county normal="" rollover="" name="Williamson" url=""/>
<county normal="" rollover="" name="DeKalb" url=""/>
<county normal="" rollover="" name="Putnam" url=""/>
<county normal="" rollover="" name="Cumberland" url=""/>
<county normal="" rollover="" name="Knox" url=""/>
<county normal="" rollover="" name="Jefferson" url=""/>
<county normal="" rollover="" name="Greene" url=""/>
<county normal="" rollover="" name="Unicoi" url=""/>
<county normal="" rollover="" name="Tipton" url=""/>
<county normal="" rollover="" name="Haywood" url=""/>
<county normal="" rollover="" name="Madison" url=""/>
<county normal="" rollover="" name="Henderson" url=""/>
<county normal="" rollover="" name="Decatur" url=""/>
<county normal="" rollover="" name="Perry" url=""/>
<county normal="" rollover="" name="Hickman" url=""/>
<county normal="" rollover="" name="Maury" url=""/>
<county normal="" rollover="" name="Rutherford" url=""/>
<county normal="" rollover="" name="Cannon" url=""/>
<county normal="" rollover="" name="White" url=""/>
<county normal="" rollover="" name="Roane" url=""/>
<county normal="" rollover="" name="Shelby" url=""/>
<county normal="" rollover="" name="Fayette" url=""/>
<county normal="" rollover="" name="Hardeman" url=""/>
<county normal="" rollover="" name="Chester" url=""/>
<county normal="" rollover="" name="McNairy" url=""/>
<county normal="" rollover="" name="Hardin" url=""/>
<county normal="" rollover="" name="Wayne" url=""/>
<county normal="" rollover="" name="Lewis" url=""/>
<county normal="" rollover="" name="Lawrence" url=""/>
<county normal="" rollover="" name="Giles" url=""/>
<county normal="" rollover="" name="Marshall" url=""/>
<county normal="" rollover="" name="Lincoln" url=""/>
<county normal="" rollover="" name="Bedford" url=""/>
<county normal="" rollover="" name="Moore" url=""/>
<county normal="" rollover="" name="Coffee" url=""/>
<county normal="" rollover="" name="Warren" url=""/>
<county normal="" rollover="" name="Van Buren" url=""/>
<county normal="" rollover="" name="Bledsoe" url=""/>
<county normal="" rollover="" name="Rhea" url=""/>
<county normal="" rollover="" name="Loudon" url=""/>
<county normal="" rollover="" name="Franklin" url=""/>
<county normal="" rollover="" name="Grundy" url=""/>
<county normal="" rollover="" name="Marion" url=""/>
<county normal="" rollover="" name="Sequatchie" url=""/>
<county normal="" rollover="" name="Hamilton" url=""/>
<county normal="" rollover="" name="Meigs" url=""/>
<county normal="" rollover="" name="Bradley" url=""/>
<county normal="" rollover="" name="McMinn" url=""/>
<county normal="" rollover="" name="Polk" url=""/>
<county normal="" rollover="" name="Monroe" url=""/>
<county normal="" rollover="" name="Blount" url=""/>
<county normal="" rollover="" name="Sevier" url=""/>
<county normal="" rollover="" name="Cocke" url=""/>
<county normal="" rollover="" name="Jackson" url=""/>
</map>


