<?xml version="1.0" encoding="utf-8"?>
<map state="Oklahoma" background="" textColor="000000" normal="98ba97" rollover="98ba97" border="ffffff" rollover_sound="false">
<county normal="" rollover="" name="Dallam" url=""/>
<county normal="" rollover="" name="Sherman" url=""/>
<county normal="" rollover="" name="Hansford" url=""/>
<county normal="" rollover="" name="Ochiltree" url=""/>
<county normal="" rollover="" name="Lipscomb" url=""/>
<county normal="" rollover="" name="Hartley" url=""/>
<county normal="" rollover="" name="Moore" url=""/>
<county normal="" rollover="" name="Hutchinson" url=""/>
<county normal="" rollover="" name="Roberts" url=""/>
<county normal="" rollover="" name="Hemphill" url=""/>
<county normal="" rollover="" name="Oldham" url=""/>
<county normal="" rollover="" name="Potter" url=""/>
<county normal="" rollover="" name="Carson" url=""/>
<county normal="" rollover="" name="Gray" url=""/>
<county normal="" rollover="" name="Wheeler" url=""/>
<county normal="" rollover="" name="Deaf Smith" url=""/>
<county normal="" rollover="" name="Randall" url=""/>
<county normal="" rollover="" name="Armstrong" url=""/>
<county normal="" rollover="" name="Donley" url=""/>
<county normal="" rollover="" name="Collingsworth" url=""/>
<county normal="" rollover="" name="Parmer" url=""/>
<county normal="" rollover="" name="Castro" url=""/>
<county normal="" rollover="" name="Swisher" url=""/>
<county normal="" rollover="" name="Briscoe" url=""/>
<county normal="" rollover="" name="Hall" url=""/>
<county normal="" rollover="" name="Childress" url=""/>
<county normal="" rollover="" name="Hardeman" url=""/>
<county normal="" rollover="" name="Bailey" url=""/>
<county normal="" rollover="" name="Lamb" url=""/>
<county normal="" rollover="" name="Hale" url=""/>
<county normal="" rollover="" name="Floyd" url=""/>
<county normal="" rollover="" name="Motley" url=""/>
<county normal="" rollover="" name="Cottle" url=""/>
<county normal="" rollover="" name="Foard" url=""/>
<county normal="" rollover="" name="Wilbarger" url=""/>
<county normal="" rollover="" name="Wichita" url=""/>
<county normal="" rollover="" name="Clay" url=""/>
<county normal="" rollover="" name="Cochran" url=""/>
<county normal="" rollover="" name="Hockley" url=""/>
<county normal="" rollover="" name="Lubbock" url=""/>
<county normal="" rollover="" name="Crosby" url=""/>
<county normal="" rollover="" name="Dickens" url=""/>
<county normal="" rollover="" name="King" url=""/>
<county normal="" rollover="" name="Knox" url=""/>
<county normal="" rollover="" name="Baylor" url=""/>
<county normal="" rollover="" name="Archer" url=""/>
<county normal="" rollover="" name="Montague" url=""/>
<county normal="" rollover="" name="Cooke" url=""/>
<county normal="" rollover="" name="Grayson" url=""/>
<county normal="" rollover="" name="Fannin" url=""/>
<county normal="" rollover="" name="Lamar" url=""/>
<county normal="" rollover="" name="RedRiver" url=""/>
<county normal="" rollover="" name="Bowie" url=""/>
<county normal="" rollover="" name="Yoakum" url=""/>
<county normal="" rollover="" name="Terry" url=""/>
<county normal="" rollover="" name="Lynn" url=""/>
<county normal="" rollover="" name="Garza" url=""/>
<county normal="" rollover="" name="Kent" url=""/>
<county normal="" rollover="" name="Stonewall" url=""/>
<county normal="" rollover="" name="Haskell" url=""/>
<county normal="" rollover="" name="Throckmorton" url=""/>
<county normal="" rollover="" name="Young" url=""/>
<county normal="" rollover="" name="Jack" url=""/>
<county normal="" rollover="" name="Wise" url=""/>
<county normal="" rollover="" name="Denton" url=""/>
<county normal="" rollover="" name="Collin" url=""/>
<county normal="" rollover="" name="Hunt" url=""/>
<county normal="" rollover="" name="Delta" url=""/>
<county normal="" rollover="" name="Hopkins" url=""/>
<county normal="" rollover="" name="Franklin" url=""/>
<county normal="" rollover="" name="Titus" url=""/>
<county normal="" rollover="" name="Camp" url=""/>
<county normal="" rollover="" name="Morris" url=""/>
<county normal="" rollover="" name="Cass" url=""/>
<county normal="" rollover="" name="Gaines" url=""/>
<county normal="" rollover="" name="Dawson" url=""/>
<county normal="" rollover="" name="Borden" url=""/>
<county normal="" rollover="" name="Scurry" url=""/>
<county normal="" rollover="" name="Fisher" url=""/>
<county normal="" rollover="" name="Jones" url=""/>
<county normal="" rollover="" name="Shackelford" url=""/>
<county normal="" rollover="" name="Stephens" url=""/>
<county normal="" rollover="" name="PaloPinto" url=""/>
<county normal="" rollover="" name="Parker" url=""/>
<county normal="" rollover="" name="Tarrant" url=""/>
<county normal="" rollover="" name="Dallas" url=""/>
<county normal="" rollover="" name="Rockwall" url=""/>
<county normal="" rollover="" name="Kaufman" url=""/>
<county normal="" rollover="" name="Rains" url=""/>
<county normal="" rollover="" name="Van Zandt" url=""/>
<county normal="" rollover="" name="Wood" url=""/>
<county normal="" rollover="" name="Upshur" url=""/>
<county normal="" rollover="" name="Marion" url=""/>
<county normal="" rollover="" name="Smith" url=""/>
<county normal="" rollover="" name="Gregg" url=""/>
<county normal="" rollover="" name="Harrison" url=""/>
<county normal="" rollover="" name="Andrews" url=""/>
<county normal="" rollover="" name="Martin" url=""/>
<county normal="" rollover="" name="Howard" url=""/>
<county normal="" rollover="" name="Mitchell" url=""/>
<county normal="" rollover="" name="Nolan" url=""/>
<county normal="" rollover="" name="Taylor" url=""/>
<county normal="" rollover="" name="Callahan" url=""/>
<county normal="" rollover="" name="Eastland" url=""/>
<county normal="" rollover="" name="Erath" url=""/>
<county normal="" rollover="" name="Hood" url=""/>
<county normal="" rollover="" name="Somervell" url=""/>
<county normal="" rollover="" name="Johnson" url=""/>
<county normal="" rollover="" name="Ellis" url=""/>
<county normal="" rollover="" name="Navarro" url=""/>
<county normal="" rollover="" name="Henderson" url=""/>
<county normal="" rollover="" name="Anderson" url=""/>
<county normal="" rollover="" name="Cherokee" url=""/>
<county normal="" rollover="" name="Rusk" url=""/>
<county normal="" rollover="" name="Panola" url=""/>
<county normal="" rollover="" name="Nacog-doches" url=""/>
<county normal="" rollover="" name="Shelby" url=""/>
<county normal="" rollover="" name="El Paso" url=""/>
<county normal="" rollover="" name="Hudspeth" url=""/>
<county normal="" rollover="" name="Culberson" url=""/>
<county normal="" rollover="" name="Reeves" url=""/>
<county normal="" rollover="" name="Jeff Davis" url=""/>
<county normal="" rollover="" name="Presidio" url=""/>
<county normal="" rollover="" name="Pecos" url=""/>
<county normal="" rollover="" name="Brewster" url=""/>
<county normal="" rollover="" name="Crockett" url=""/>
<county normal="" rollover="" name="Terrell" url=""/>
<county normal="" rollover="" name="Val Verde" url=""/>
<county normal="" rollover="" name="Loving" url=""/>
<county normal="" rollover="" name="Winkler" url=""/>
<county normal="" rollover="" name="Ector" url=""/>
<county normal="" rollover="" name="Midland" url=""/>
<county normal="" rollover="" name="Glasscock" url=""/>
<county normal="" rollover="" name="Sterling" url=""/>
<county normal="" rollover="" name="Coke" url=""/>
<county normal="" rollover="" name="Runnels" url=""/>
<county normal="" rollover="" name="Coleman" url=""/>
<county normal="" rollover="" name="Brown" url=""/>
<county normal="" rollover="" name="Comanche" url=""/>
<county normal="" rollover="" name="Hamilton" url=""/>
<county normal="" rollover="" name="Bosque" url=""/>
<county normal="" rollover="" name="McLennan" url=""/>
<county normal="" rollover="" name="Limestone" url=""/>
<county normal="" rollover="" name="Freestone" url=""/>
<county normal="" rollover="" name="Ward" url=""/>
<county normal="" rollover="" name="Crane" url=""/>
<county normal="" rollover="" name="Upton" url=""/>
<county normal="" rollover="" name="Reagan" url=""/>
<county normal="" rollover="" name="Irion" url=""/>
<county normal="" rollover="" name="Tom Green" url=""/>
<county normal="" rollover="" name="Concho" url=""/>
<county normal="" rollover="" name="McCulloch" url=""/>
<county normal="" rollover="" name="Mills" url=""/>
<county normal="" rollover="" name="San Saba" url=""/>
<county normal="" rollover="" name="Lampasas" url=""/>
<county normal="" rollover="" name="Coryell" url=""/>
<county normal="" rollover="" name="Bell" url=""/>
<county normal="" rollover="" name="Falls" url=""/>
<county normal="" rollover="" name="Robertson" url=""/>
<county normal="" rollover="" name="Leon" url=""/>
<county normal="" rollover="" name="Madison" url=""/>
<county normal="" rollover="" name="Houston" url=""/>
<county normal="" rollover="" name="Trinity" url=""/>
<county normal="" rollover="" name="Angelina" url=""/>
<county normal="" rollover="" name="San Augustine" url=""/>
<county normal="" rollover="" name="Sabine" url=""/>
<county normal="" rollover="" name="Hill" url=""/>
<county normal="" rollover="" name="Schleicher" url=""/>
<county normal="" rollover="" name="Menard" url=""/>
<county normal="" rollover="" name="Mason" url=""/>
<county normal="" rollover="" name="Llano" url=""/>
<county normal="" rollover="" name="Burnet" url=""/>
<county normal="" rollover="" name="Williamson" url=""/>
<county normal="" rollover="" name="Milam" url=""/>
<county normal="" rollover="" name="Brazos" url=""/>
<county normal="" rollover="" name="Grimes" url=""/>
<county normal="" rollover="" name="Walker" url=""/>
<county normal="" rollover="" name="San Jacinto" url=""/>
<county normal="" rollover="" name="Polk" url=""/>
<county normal="" rollover="" name="Tyler" url=""/>
<county normal="" rollover="" name="Jasper" url=""/>
<county normal="" rollover="" name="Newton" url=""/>
<county normal="" rollover="" name="Sutton" url=""/>
<county normal="" rollover="" name="Kimble" url=""/>
<county normal="" rollover="" name="Gillespie" url=""/>
<county normal="" rollover="" name="Blanco" url=""/>
<county normal="" rollover="" name="Hays" url=""/>
<county normal="" rollover="" name="Travis" url=""/>
<county normal="" rollover="" name="Bastrop" url=""/>
<county normal="" rollover="" name="Lee" url=""/>
<county normal="" rollover="" name="Burleson" url=""/>
<county normal="" rollover="" name="Washington" url=""/>
<county normal="" rollover="" name="Waller" url=""/>
<county normal="" rollover="" name="Montgomery" url=""/>
<county normal="" rollover="" name="Liberty" url=""/>
<county normal="" rollover="" name="Hardin" url=""/>
<county normal="" rollover="" name="Jefferson" url=""/>
<county normal="" rollover="" name="Orange" url=""/>
<county normal="" rollover="" name="Edwards" url=""/>
<county normal="" rollover="" name="Real" url=""/>
<county normal="" rollover="" name="Kerr" url=""/>
<county normal="" rollover="" name="Bandera" url=""/>
<county normal="" rollover="" name="Kendall" url=""/>
<county normal="" rollover="" name="Comal" url=""/>
<county normal="" rollover="" name="Guadalupe" url=""/>
<county normal="" rollover="" name="Caldwell" url=""/>
<county normal="" rollover="" name="Gonzales" url=""/>
<county normal="" rollover="" name="Fayette" url=""/>
<county normal="" rollover="" name="Lavaca" url=""/>
<county normal="" rollover="" name="Colorado" url=""/>
<county normal="" rollover="" name="Austin" url=""/>
<county normal="" rollover="" name="Fort Bend" url=""/>
<county normal="" rollover="" name="Harris" url=""/>
<county normal="" rollover="" name="Chambers" url=""/>
<county normal="" rollover="" name="Galveston" url=""/>
<county normal="" rollover="" name="Kinney" url=""/>
<county normal="" rollover="" name="Uvalde" url=""/>
<county normal="" rollover="" name="Medina" url=""/>
<county normal="" rollover="" name="Bexar" url=""/>
<county normal="" rollover="" name="Wilson" url=""/>
<county normal="" rollover="" name="Maverick" url=""/>
<county normal="" rollover="" name="Zavala" url=""/>
<county normal="" rollover="" name="Dimmit" url=""/>
<county normal="" rollover="" name="Frio" url=""/>
<county normal="" rollover="" name="La Salle" url=""/>
<county normal="" rollover="" name="Atascosa" url=""/>
<county normal="" rollover="" name="McMullen" url=""/>
<county normal="" rollover="" name="Live Oak" url=""/>
<county normal="" rollover="" name="Karnes" url=""/>
<county normal="" rollover="" name="DeWitt" url=""/>
<county normal="" rollover="" name="Bee" url=""/>
<county normal="" rollover="" name="Goliad" url=""/>
<county normal="" rollover="" name="Wharton" url=""/>
<county normal="" rollover="" name="Brazoria" url=""/>
<county normal="" rollover="" name="Jackson" url=""/>
<county normal="" rollover="" name="Matagorda" url=""/>
<county normal="" rollover="" name="Victoria" url=""/>
<county normal="" rollover="" name="Calhoun" url=""/>
<county normal="" rollover="" name="Refugio" url=""/>
<county normal="" rollover="" name="Aransas" url=""/>
<county normal="" rollover="" name="San Patricio" url=""/>
<county normal="" rollover="" name="Webb" url=""/>
<county normal="" rollover="" name="Duval" url=""/>
<county normal="" rollover="" name="Jim Wells" url=""/>
<county normal="" rollover="" name="Nueces" url=""/>
<county normal="" rollover="" name="Kleberg" url=""/>
<county normal="" rollover="" name="Zapata" url=""/>
<county normal="" rollover="" name="Jim Hogg" url=""/>
<county normal="" rollover="" name="Brooks" url=""/>
<county normal="" rollover="" name="Kenedy" url=""/>
<county normal="" rollover="" name="Starr" url=""/>
<county normal="" rollover="" name="Hidalgo" url=""/>
<county normal="" rollover="" name="Willacy" url=""/>
<county normal="" rollover="" name="Cameron" url=""/>
</map>


