<?xml version="1.0" encoding="utf-8"?>
<map state="United States of America" background="ffffff" textColor="000000" normal="98ba97" rollover="485748" border="ffffff" rollover_sound="false">
<county normal="" rollover="" name="WASHINGTON" url=""/>
<county normal="" rollover="" name="OREGON" url=""/>
<county normal="" rollover="" name="CALIFORNIA" url=""/>
<county normal="" rollover="" name="NEVADA" url=""/>
<county normal="" rollover="" name="IDAHO" url=""/>
<county normal="" rollover="" name="UTAH" url=""/>
<county normal="" rollover="" name="ARIZONA" url=""/>
<county normal="" rollover="" name="MONTANA" url=""/>
<county normal="" rollover="" name="WYOMING" url=""/>
<county normal="" rollover="" name="COLORADO" url=""/>
<county normal="" rollover="" name="NEW MEXICO" url=""/>
<county normal="" rollover="" name="NORTH DAKOTA" url=""/>
<county normal="" rollover="" name="SOUTH DAKOTA" url=""/>
<county normal="" rollover="" name="NEBRASKA" url=""/>
<county normal="" rollover="" name="KANSAS" url=""/>
<county normal="" rollover="" name="OKLAHOMA" url=""/>
<county normal="" rollover="" name="TEXAS" url=""/>
<county normal="" rollover="" name="MINNESOTA" url=""/>
<county normal="" rollover="" name="IOWA" url=""/>
<county normal="" rollover="" name="MISSOURI" url=""/>
<county normal="" rollover="" name="ARKANSAS" url=""/>
<county normal="" rollover="" name="LOUISIANA" url=""/>
<county normal="" rollover="" name="Lake Superior" url=""/>
<county normal="" rollover="" name="WISCONSIN" url=""/>
<county normal="" rollover="" name="Lake Michigan" url=""/>
<county normal="" rollover="" name="ILLINOIS" url=""/>
<county normal="" rollover="" name="KENTUCKY" url=""/>
<county normal="" rollover="" name="TENNESSEE" url=""/>
<county normal="" rollover="" name="MISSISSIPPI" url=""/>
<county normal="" rollover="" name="ALABAMA" url=""/>
<county normal="" rollover="" name="GEORGIA" url=""/>
<county normal="" rollover="" name="FLORIDA" url=""/>
<county normal="" rollover="" name="Lake Huron" url=""/>
<county normal="" rollover="" name="MICHIGAN" url=""/>
<county normal="" rollover="" name="INDIANA" url=""/>
<county normal="" rollover="" name="OHIO" url=""/>
<county normal="" rollover="" name="MAINE" url=""/>
<county normal="" rollover="" name="VERMONT" url=""/>
<county normal="" rollover="" name="NEW HAMPSHIRE" url=""/>
<county normal="" rollover="" name="Lake Ontario" url=""/>
<county normal="" rollover="" name="NEW YORK" url=""/>
<county normal="" rollover="" name="MASSACHUSETTS" url=""/>
<county normal="" rollover="" name="RHODE ISLAND" url=""/>
<county normal="" rollover="" name="CONNECTICUT" url=""/>
<county normal="" rollover="" name="Lake Erie" url=""/>
<county normal="" rollover="" name="PENNSYLVANIA" url=""/>
<county normal="" rollover="" name="NEW JERSEY" url=""/>
<county normal="" rollover="" name="DELAWARE" url=""/>
<county normal="" rollover="" name="WEST VIRGINIA" url=""/>
<county normal="" rollover="" name="VIRGINIA" url=""/>
<county normal="" rollover="" name="MARYLAND" url=""/>
<county normal="ff6600" rollover="ff0000" name="Washington D.C." url=""/>
<county normal="" rollover="" name="NORTH CAROLINA" url=""/>
<county normal="" rollover="" name="SOUTH CAROLINA" url=""/>
<county normal="" rollover="" name="ALASKA" url="alaska.swf"/>
<county normal="" rollover="" name="HAWAII" url=""/>
<county normal="" rollover="" name="PUERTO RICO" url=""/>
<county normal="" rollover="" name="VIRGIN ISLANDS" url=""/>
</map>


