<?xml version="1.0" encoding="utf-8"?>
<map state="Utah" background="" textColor="000000" normal="98ba97" rollover="98ba97" border="ffffff" rollover_sound="false">
<county normal="" rollover="" name="Box Elder" url=""/>
<county normal="" rollover="" name="Cache" url=""/>
<county normal="" rollover="" name="Rich" url=""/>
<county normal="" rollover="" name="Weber" url=""/>
<county normal="" rollover="" name="Davis" url=""/>
<county normal="" rollover="" name="Morgan" url=""/>
<county normal="" rollover="" name="Tooele" url=""/>
<county normal="" rollover="" name="Salt Lake" url=""/>
<county normal="" rollover="" name="Summit" url=""/>
<county normal="" rollover="" name="Daggett" url=""/>
<county normal="" rollover="" name="Utah" url=""/>
<county normal="" rollover="" name="Wasatch" url=""/>
<county normal="" rollover="" name="Duchesne" url=""/>
<county normal="" rollover="" name="Uintah" url=""/>
<county normal="" rollover="" name="Juab" url=""/>
<county normal="" rollover="" name="Carbon" url=""/>
<county normal="" rollover="" name="Millard" url=""/>
<county normal="" rollover="" name="Sanpete" url=""/>
<county normal="" rollover="" name="Sevier" url=""/>
<county normal="" rollover="" name="Emery" url=""/>
<county normal="" rollover="" name="Grand" url=""/>
<county normal="" rollover="" name="Beaver" url=""/>
<county normal="" rollover="" name="Piute" url=""/>
<county normal="" rollover="" name="Wayne" url=""/>
<county normal="" rollover="" name="Iron" url=""/>
<county normal="" rollover="" name="Garfield" url=""/>
<county normal="" rollover="" name="Washington" url=""/>
<county normal="" rollover="" name="Kane" url=""/>
<county normal="" rollover="" name="San Juan" url=""/>
</map>


