<?xml version="1.0" encoding="utf-8"?>
<map state="Vermont" background="" textColor="000000" normal="98ba97" rollover="98ba97" border="ffffff" rollover_sound="false">
<county normal="" rollover="" name="Grand Isle" url=""/>
<county normal="" rollover="" name="Franklin" url=""/>
<county normal="" rollover="" name="Orleans" url=""/>
<county normal="" rollover="" name="Essex" url=""/>
<county normal="" rollover="" name="Chittenden" url=""/>
<county normal="" rollover="" name="Lamoille" url=""/>
<county normal="" rollover="" name="Caledonia" url=""/>
<county normal="" rollover="" name="Washington" url=""/>
<county normal="" rollover="" name="Addison" url=""/>
<county normal="" rollover="" name="Orange" url=""/>
<county normal="" rollover="" name="Rutland" url=""/>
<county normal="" rollover="" name="Windsor" url=""/>
<county normal="" rollover="" name="Bennington" url=""/>
<county normal="" rollover="" name="Windham" url=""/>
</map>


