<?xml version="1.0" encoding="utf-8"?>
<map state="Virginia" background="" textColor="000000" normal="98ba97" rollover="98ba97" border="ffffff" rollover_sound="false">
<county normal="" rollover="" name="Lee" url=""/>
<county normal="" rollover="" name="Dickenson" url=""/>
<county normal="" rollover="" name="Wise" url=""/>
<county normal="" rollover="" name="Scott" url=""/>
<county normal="" rollover="" name="Buchanan" url=""/>
<county normal="" rollover="" name="Russell" url=""/>
<county normal="" rollover="" name="Washington" url=""/>
<county normal="" rollover="" name="Tazewell" url=""/>
<county normal="" rollover="" name="Smyth" url=""/>
<county normal="" rollover="" name="Bland" url=""/>
<county normal="" rollover="" name="Wythe" url=""/>
<county normal="" rollover="" name="Grayson" url=""/>
<county normal="" rollover="" name="Giles" url=""/>
<county normal="" rollover="" name="Pulaski" url=""/>
<county normal="" rollover="" name="Carroll" url=""/>
<county normal="" rollover="" name="Craig" url=""/>
<county normal="" rollover="" name="Montgomery" url=""/>
<county normal="" rollover="" name="Floyd" url=""/>
<county normal="" rollover="" name="Patrick" url=""/>
<county normal="" rollover="" name="Alleghany" url=""/>
<county normal="" rollover="" name="Roanoke" url=""/>
<county normal="" rollover="" name="Franklin" url=""/>
<county normal="" rollover="" name="Henry" url=""/>
<county normal="" rollover="" name="Bath" url=""/>
<county normal="" rollover="" name="Botetourt" url=""/>
<county normal="" rollover="" name="Highland" url=""/>
<county normal="" rollover="" name="Rockbridge" url=""/>
<county normal="" rollover="" name="Bedford" url=""/>
<county normal="" rollover="" name="Pittsylvania" url=""/>
<county normal="" rollover="" name="Augusta" url=""/>
<county normal="" rollover="" name="Amherst" url=""/>
<county normal="" rollover="" name="Campbell" url=""/>
<county normal="" rollover="" name="Halifax" url=""/>
<county normal="" rollover="" name="Rockingham" url=""/>
<county normal="" rollover="" name="Nelson" url=""/>
<county normal="" rollover="" name="Appomattox" url=""/>
<county normal="" rollover="" name="Charlotte" url=""/>
<county normal="" rollover="" name="Shenandoah" url=""/>
<county normal="" rollover="" name="Page" url=""/>
<county normal="" rollover="" name="Madison" url=""/>
<county normal="" rollover="" name="Greene" url=""/>
<county normal="" rollover="" name="Albemarle" url=""/>
<county normal="" rollover="" name="Fluvanna" url=""/>
<county normal="" rollover="" name="Buckingham" url=""/>
<county normal="" rollover="" name="Cumberland" url=""/>
<county normal="" rollover="" name="Prince Edward" url=""/>
<county normal="" rollover="" name="Lunenburg" url=""/>
<county normal="" rollover="" name="Mecklenburg" url=""/>
<county normal="" rollover="" name="Frederick" url=""/>
<county normal="" rollover="" name="Warren" url=""/>
<county normal="" rollover="" name="Rappahannock" url=""/>
<county normal="" rollover="" name="Culpeper" url=""/>
<county normal="" rollover="" name="Orange" url=""/>
<county normal="" rollover="" name="Louisa" url=""/>
<county normal="" rollover="" name="Goochland" url=""/>
<county normal="" rollover="" name="Powhatan" url=""/>
<county normal="" rollover="" name="Amelia" url=""/>
<county normal="" rollover="" name="Nottoway" url=""/>
<county normal="" rollover="" name="Brunswick" url=""/>
<county normal="" rollover="" name="Clarke" url=""/>
<county normal="" rollover="" name="Fauquier" url=""/>
<county normal="" rollover="" name="Spotsylvania" url=""/>
<county normal="" rollover="" name="Hanover" url=""/>
<county normal="" rollover="" name="Chesterfield" url=""/>
<county normal="" rollover="" name="Dinwiddie" url=""/>
<county normal="" rollover="" name="Greensville" url=""/>
<county normal="" rollover="" name="Loudoun" url=""/>
<county normal="" rollover="" name="Fairfax" url=""/>
<county normal="" rollover="" name="Prince William" url=""/>
<county normal="" rollover="" name="Stafford" url=""/>
<county normal="" rollover="" name="King George" url=""/>
<county normal="" rollover="" name="Caroline" url=""/>
<county normal="" rollover="" name="King William" url=""/>
<county normal="" rollover="" name="Henrico" url=""/>
<county normal="" rollover="" name="Prince George" url=""/>
<county normal="" rollover="" name="Sussex" url=""/>
<county normal="" rollover="" name="Southampton" url=""/>
<county normal="" rollover="" name="Westmoreland" url=""/>
<county normal="" rollover="" name="Essex" url=""/>
<county normal="" rollover="" name="Richmond" url=""/>
<county normal="" rollover="" name="King And Queen" url=""/>
<county normal="" rollover="" name="New Kent" url=""/>
<county normal="" rollover="" name="Charles City" url=""/>
<county normal="" rollover="" name="Surry" url=""/>
<county normal="" rollover="" name="Isle of Wright" url=""/>
<county normal="" rollover="" name="Suffolk" url=""/>
<county normal="" rollover="" name="James City" url=""/>
<county normal="" rollover="" name="Northumberland" url=""/>
<county normal="" rollover="" name="Lancaster" url=""/>
<county normal="" rollover="" name="Middlesex" url=""/>
<county normal="" rollover="" name="Gloucester" url=""/>
<county normal="" rollover="" name="Mathews" url=""/>
<county normal="" rollover="" name="York" url=""/>
<county normal="" rollover="" name="Newport News" url=""/>
<county normal="" rollover="" name="Hampton" url=""/>
<county normal="" rollover="" name="Chesapeake" url=""/>
<county normal="" rollover="" name="Virginia Beach" url=""/>
<county normal="" rollover="" name="Accomack" url=""/>
<county normal="" rollover="" name="Northampton" url=""/>
</map>


