<?xml version="1.0" encoding="utf-8"?>
<map state="Washington" background="" textColor="000000" normal="98ba97" rollover="98ba97" border="ffffff" rollover_sound="false">
<county normal="" rollover="" name="San Juan" url=""/>
<county normal="" rollover="" name="Island" url=""/>
<county normal="" rollover="" name="Whatcom" url=""/>
<county normal="" rollover="" name="Skagit" url=""/>
<county normal="" rollover="" name="Okanogan" url=""/>
<county normal="" rollover="" name="Ferry" url=""/>
<county normal="" rollover="" name="Stevens" url=""/>
<county normal="" rollover="" name="Pend Oreille" url=""/>
<county normal="" rollover="" name="Clallam" url=""/>
<county normal="" rollover="" name="Snohomish" url=""/>
<county normal="" rollover="" name="Chelan" url=""/>
<county normal="" rollover="" name="Douglas" url=""/>
<county normal="" rollover="" name="Lincoln" url=""/>
<county normal="" rollover="" name="Spokane" url=""/>
<county normal="" rollover="" name="Jefferson" url=""/>
<county normal="" rollover="" name="Grays Harbor" url=""/>
<county normal="" rollover="" name="Mason" url=""/>
<county normal="" rollover="" name="Kitsap" url=""/>
<county normal="" rollover="" name="Thurston" url=""/>
<county normal="" rollover="" name="King" url=""/>
<county normal="" rollover="" name="Pierce" url=""/>
<county normal="" rollover="" name="Kittitas" url=""/>
<county normal="" rollover="" name="Grant" url=""/>
<county normal="" rollover="" name="Adams" url=""/>
<county normal="" rollover="" name="Whitman" url=""/>
<county normal="" rollover="" name="Pacific" url=""/>
<county normal="" rollover="" name="Lewis" url=""/>
<county normal="" rollover="" name="Yakima" url=""/>
<county normal="" rollover="" name="Franklin" url=""/>
<county normal="" rollover="" name="Wahkiakum" url=""/>
<county normal="" rollover="" name="Cowlitz" url=""/>
<county normal="" rollover="" name="Clark" url=""/>
<county normal="" rollover="" name="Skamania" url=""/>
<county normal="" rollover="" name="Klickitat" url=""/>
<county normal="" rollover="" name="Benton" url=""/>
<county normal="" rollover="" name="Walla Walla" url=""/>
<county normal="" rollover="" name="Columbia" url=""/>
<county normal="" rollover="" name="Garfield" url=""/>
<county normal="" rollover="" name="Asotin" url=""/>
</map>


