<?xml version="1.0" encoding="utf-8"?>
<map state="West Virginia" background="" textColor="000000" normal="98ba97" rollover="98ba97" border="ffffff" rollover_sound="false">
<county normal="" rollover="" name="Hancock" url=""/>
<county normal="" rollover="" name="Brooke" url=""/>
<county normal="" rollover="" name="Ohio" url=""/>
<county normal="" rollover="" name="Marshall" url=""/>
<county normal="" rollover="" name="Wetzel" url=""/>
<county normal="" rollover="" name="Monongalia" url=""/>
<county normal="" rollover="" name="Tyler" url=""/>
<county normal="" rollover="" name="Marion" url=""/>
<county normal="" rollover="" name="Preston" url=""/>
<county normal="" rollover="" name="Mineral" url=""/>
<county normal="" rollover="" name="Morgan" url=""/>
<county normal="" rollover="" name="Berkeley" url=""/>
<county normal="" rollover="" name="Jefferson" url=""/>
<county normal="" rollover="" name="Pleasants" url=""/>
<county normal="" rollover="" name="Doddridge" url=""/>
<county normal="" rollover="" name="Harrison" url=""/>
<county normal="" rollover="" name="Taylor" url=""/>
<county normal="" rollover="" name="Hampshire" url=""/>
<county normal="" rollover="" name="Wood" url=""/>
<county normal="" rollover="" name="Ritchie" url=""/>
<county normal="" rollover="" name="Barbour" url=""/>
<county normal="" rollover="" name="Tucker" url=""/>
<county normal="" rollover="" name="Grant" url=""/>
<county normal="" rollover="" name="Hardy" url=""/>
<county normal="" rollover="" name="Wirt" url=""/>
<county normal="" rollover="" name="Calhoun" url=""/>
<county normal="" rollover="" name="Gilmer" url=""/>
<county normal="" rollover="" name="Lewis" url=""/>
<county normal="" rollover="" name="Upshur" url=""/>
<county normal="" rollover="" name="Randolph" url=""/>
<county normal="" rollover="" name="Pendleton" url=""/>
<county normal="" rollover="" name="Jackson" url=""/>
<county normal="" rollover="" name="Roane" url=""/>
<county normal="" rollover="" name="Braxton" url=""/>
<county normal="" rollover="" name="Mason" url=""/>
<county normal="" rollover="" name="Putnam" url=""/>
<county normal="" rollover="" name="Clay" url=""/>
<county normal="" rollover="" name="Webster" url=""/>
<county normal="" rollover="" name="Cabell" url=""/>
<county normal="" rollover="" name="Kanawha" url=""/>
<county normal="" rollover="" name="Nicholas" url=""/>
<county normal="" rollover="" name="Pocahontas" url=""/>
<county normal="" rollover="" name="Wayne" url=""/>
<county normal="" rollover="" name="Lincoln" url=""/>
<county normal="" rollover="" name="Fayette" url=""/>
<county normal="" rollover="" name="Greenbrier" url=""/>
<county normal="" rollover="" name="Boone" url=""/>
<county normal="" rollover="" name="Raleigh" url=""/>
<county normal="" rollover="" name="Summers" url=""/>
<county normal="" rollover="" name="Monroe" url=""/>
<county normal="" rollover="" name="Logan" url=""/>
<county normal="" rollover="" name="Wyoming" url=""/>
<county normal="" rollover="" name="Mingo" url=""/>
<county normal="" rollover="" name="McDowell" url=""/>
<county normal="" rollover="" name="Mercer" url=""/>
</map>


