<?xml version="1.0" encoding="utf-8"?>
<map state="Wisconsin" background="" textColor="000000" normal="98ba97" rollover="98ba97" border="ffffff" rollover_sound="false">
<county normal="" rollover="" name="Douglas" url=""/>
<county normal="" rollover="" name="Bayfield" url=""/>
<county normal="" rollover="" name="Ashland" url=""/>
<county normal="" rollover="" name="Iron" url=""/>
<county normal="" rollover="" name="Vilas" url=""/>
<county normal="" rollover="" name="Burnett" url=""/>
<county normal="" rollover="" name="Washburn" url=""/>
<county normal="" rollover="" name="Sawyer" url=""/>
<county normal="" rollover="" name="Florence" url=""/>
<county normal="" rollover="" name="Polk" url=""/>
<county normal="" rollover="" name="Barron" url=""/>
<county normal="" rollover="" name="Rusk" url=""/>
<county normal="" rollover="" name="Price" url=""/>
<county normal="" rollover="" name="Oneida" url=""/>
<county normal="" rollover="" name="Forest" url=""/>
<county normal="" rollover="" name="Marinette" url=""/>
<county normal="" rollover="" name="St. Croix" url=""/>
<county normal="" rollover="" name="Pierce" url=""/>
<county normal="" rollover="" name="Dunn" url=""/>
<county normal="" rollover="" name="Chippewa" url=""/>
<county normal="" rollover="" name="Taylor" url=""/>
<county normal="" rollover="" name="Lincoln" url=""/>
<county normal="" rollover="" name="Langlade" url=""/>
<county normal="" rollover="" name="Menominee" url=""/>
<county normal="" rollover="" name="Oconto" url=""/>
<county normal="" rollover="" name="Pepin" url=""/>
<county normal="" rollover="" name="Eau Claire" url=""/>
<county normal="" rollover="" name="Clark" url=""/>
<county normal="" rollover="" name="Marathon" url=""/>
<county normal="" rollover="" name="Shawano" url=""/>
<county normal="" rollover="" name="Door" url=""/>
<county normal="" rollover="" name="Buffalo" url=""/>
<county normal="" rollover="" name="Trempealeau" url=""/>
<county normal="" rollover="" name="Jackson" url=""/>
<county normal="" rollover="" name="Wood" url=""/>
<county normal="" rollover="" name="Portage" url=""/>
<county normal="" rollover="" name="Waupaca" url=""/>
<county normal="" rollover="" name="Outagamie" url=""/>
<county normal="" rollover="" name="Brown" url=""/>
<county normal="" rollover="" name="Kewaunee" url=""/>
<county normal="" rollover="" name="La Crosse" url=""/>
<county normal="" rollover="" name="Monroe" url=""/>
<county normal="" rollover="" name="Juneau" url=""/>
<county normal="" rollover="" name="Adams" url=""/>
<county normal="" rollover="" name="Waushara" url=""/>
<county normal="" rollover="" name="Marquette" url=""/>
<county normal="" rollover="" name="Green Lake" url=""/>
<county normal="" rollover="" name="Winnebago" url=""/>
<county normal="" rollover="" name="Fond du Lac" url=""/>
<county normal="" rollover="" name="Calumet" url=""/>
<county normal="" rollover="" name="Manitowoc" url=""/>
<county normal="" rollover="" name="Sheboygan" url=""/>
<county normal="" rollover="" name="Vernon" url=""/>
<county normal="" rollover="" name="Crawford" url=""/>
<county normal="" rollover="" name="Richland" url=""/>
<county normal="" rollover="" name="Sauk" url=""/>
<county normal="" rollover="" name="Columbia" url=""/>
<county normal="" rollover="" name="Dodge" url=""/>
<county normal="" rollover="" name="Washington" url=""/>
<county normal="" rollover="" name="Ozaukee" url=""/>
<county normal="" rollover="" name="Grant" url=""/>
<county normal="" rollover="" name="Iowa" url=""/>
<county normal="" rollover="" name="Lafayette" url=""/>
<county normal="" rollover="" name="Dane" url=""/>
<county normal="" rollover="" name="Green" url=""/>
<county normal="" rollover="" name="Rock" url=""/>
<county normal="" rollover="" name="Jefferson" url=""/>
<county normal="" rollover="" name="Walworth" url=""/>
<county normal="" rollover="" name="Waukesha" url=""/>
<county normal="" rollover="" name="Milwaukee" url=""/>
<county normal="" rollover="" name="Racine" url=""/>
<county normal="" rollover="" name="Kenosha" url=""/>
</map>


