<?xml version="1.0" encoding="utf-8"?>
<map state="Wyoming" background="" textColor="000000" normal="98ba97" rollover="98ba97" border="ffffff" rollover_sound="false">
<county normal="" rollover="" name="Park" url=""/>
<county normal="" rollover="" name="Big Horn" url=""/>
<county normal="" rollover="" name="Sheridan" url=""/>
<county normal="" rollover="" name="Teton" url=""/>
<county normal="" rollover="" name="Hot Springs" url=""/>
<county normal="" rollover="" name="Washakie" url=""/>
<county normal="" rollover="" name="Johnson" url=""/>
<county normal="" rollover="" name="Campbell" url=""/>
<county normal="" rollover="" name="Crook" url=""/>
<county normal="" rollover="" name="Weston" url=""/>
<county normal="" rollover="" name="Sublette" url=""/>
<county normal="" rollover="" name="Fremont" url=""/>
<county normal="" rollover="" name="Natrona" url=""/>
<county normal="" rollover="" name="Converse" url=""/>
<county normal="" rollover="" name="Niobrara" url=""/>
<county normal="" rollover="" name="Lincoln" url=""/>
<county normal="" rollover="" name="Uinta" url=""/>
<county normal="" rollover="" name="Sweetwater" url=""/>
<county normal="" rollover="" name="Carbon" url=""/>
<county normal="" rollover="" name="Albany" url=""/>
<county normal="" rollover="" name="Platte" url=""/>
<county normal="" rollover="" name="Goshen" url=""/>
<county normal="" rollover="" name="Laramie" url=""/>
</map>


